{
    "entry": [
        {
            "request": {
                "method": "PUT", 
                "url": "Patient/smart-4444001"
            }, 
            "resource": {
                "active": true, 
                "birthDate": "1932-06-15", 
                "gender": "male", 
                "generalPractitioner": [
                    {
                        "reference": "Practitioner/smart-Practitioner-71614502"
                    }
                ], 
                "id": "smart-4444001", 
                "identifier": [
                    {
                        "system": "http://hospital.smarthealthit.org", 
                        "type": {
                            "coding": [
                                {
                                    "code": "MR", 
                                    "display": "Medical Record Number", 
                                    "system": "http://hl7.org/fhir/v2/0203"
                                }
                            ], 
                            "text": "Medical Record Number"
                        }, 
                        "use": "official", 
                        "value": "smart-4444001"
                    }
                ], 
                "name": [
                    {
                        "family": "Sherman", 
                        "given": [
                            "Christopher", 
                            "T"
                        ], 
                        "use": "official"
                    }
                ], 
                "resourceType": "Patient", 
                "telecom": [
                    {
                        "system": "email", 
                        "value": "ChristopherTSherman@example.com"
                    }
                ], 
                "text": {
                    "div": "<div xmlns=\"http://www.w3.org/1999/xhtml\">Christopher Sherman</div>", 
                    "status": "generated"
                }
            }
        }, 
        {
            "request": {
                "method": "PUT", 
                "url": "MedicationRequest/smart-MedicationRequest-357"
            }, 
            "resource": {
                "dosageInstruction": [
                    {
                        "asNeededBoolean": true, 
                        "doseQuantity": {
                            "code": "{tablet}", 
                            "system": "http://unitsofmeasure.org", 
                            "unit": "{tablet}", 
                            "value": 1.0
                        }, 
                        "text": "1 tab q4h prn", 
                        "timing": {
                            "repeat": {
                                "boundsPeriod": {
                                    "start": "2014-06-21"
                                }, 
                                "frequency": 6, 
                                "period": 1, 
                                "periodUnit": "d"
                            }
                        }
                    }
                ], 
                "id": "smart-MedicationRequest-357", 
                "intent": "order", 
                "medicationCodeableConcept": {
                    "coding": [
                        {
                            "code": "569998", 
                            "display": "Acetaminophen 325 MG [Tylenol]", 
                            "system": "http://www.nlm.nih.gov/research/umls/rxnorm"
                        }
                    ], 
                    "text": "Acetaminophen 325 MG [Tylenol]"
                }, 
                "resourceType": "MedicationRequest", 
                "status": "active", 
                "subject": {
                    "reference": "Patient/smart-4444001"
                }, 
                "text": {
                    "div": "<div xmlns=\"http://www.w3.org/1999/xhtml\">Acetaminophen 325 MG [Tylenol] (rxnorm: 569998)</div>", 
                    "status": "generated"
                }
            }
        }, 
        {
            "request": {
                "method": "PUT", 
                "url": "MedicationRequest/smart-MedicationRequest-358"
            }, 
            "resource": {
                "dosageInstruction": [
                    {
                        "doseQuantity": {
                            "code": "{tablet}", 
                            "system": "http://unitsofmeasure.org", 
                            "unit": "{tablet}", 
                            "value": 1.0
                        }, 
                        "text": "1 tab qd", 
                        "timing": {
                            "repeat": {
                                "boundsPeriod": {
                                    "start": "2014-06-21"
                                }, 
                                "frequency": 1, 
                                "period": 1, 
                                "periodUnit": "d"
                            }
                        }
                    }
                ], 
                "id": "smart-MedicationRequest-358", 
                "intent": "order", 
                "medicationCodeableConcept": {
                    "coding": [
                        {
                            "code": "1189780", 
                            "display": "Aspirin 81 MG [Ecotrin]", 
                            "system": "http://www.nlm.nih.gov/research/umls/rxnorm"
                        }
                    ], 
                    "text": "Aspirin 81 MG [Ecotrin]"
                }, 
                "resourceType": "MedicationRequest", 
                "status": "active", 
                "subject": {
                    "reference": "Patient/smart-4444001"
                }, 
                "text": {
                    "div": "<div xmlns=\"http://www.w3.org/1999/xhtml\">Aspirin 81 MG [Ecotrin] (rxnorm: 1189780)</div>", 
                    "status": "generated"
                }
            }
        }, 
        {
            "request": {
                "method": "PUT", 
                "url": "MedicationRequest/smart-MedicationRequest-359"
            }, 
            "resource": {
                "dosageInstruction": [
                    {
                        "text": "bid", 
                        "timing": {
                            "repeat": {
                                "boundsPeriod": {
                                    "end": "2016-01-27", 
                                    "start": "2015-01-27"
                                }, 
                                "frequency": 2, 
                                "period": 1, 
                                "periodUnit": "d"
                            }
                        }
                    }
                ], 
                "id": "smart-MedicationRequest-359", 
                "intent": "order", 
                "medicationCodeableConcept": {
                    "coding": [
                        {
                            "code": "855635", 
                            "display": "Diclofenac Sodium 0.01 MG/MG Topical Gel [Voltaren]", 
                            "system": "http://www.nlm.nih.gov/research/umls/rxnorm"
                        }
                    ], 
                    "text": "Diclofenac Sodium 0.01 MG/MG Topical Gel [Voltaren]"
                }, 
                "resourceType": "MedicationRequest", 
                "status": "completed", 
                "subject": {
                    "reference": "Patient/smart-4444001"
                }, 
                "text": {
                    "div": "<div xmlns=\"http://www.w3.org/1999/xhtml\">Diclofenac Sodium 0.01 MG/MG Topical Gel [Voltaren] (rxnorm: 855635)</div>", 
                    "status": "generated"
                }
            }
        }, 
        {
            "request": {
                "method": "PUT", 
                "url": "MedicationRequest/smart-MedicationRequest-360"
            }, 
            "resource": {
                "dosageInstruction": [
                    {
                        "doseQuantity": {
                            "code": "{tablet}", 
                            "system": "http://unitsofmeasure.org", 
                            "unit": "{tablet}", 
                            "value": 1.0
                        }, 
                        "text": "1 tab tid", 
                        "timing": {
                            "repeat": {
                                "boundsPeriod": {
                                    "start": "2012-04-13"
                                }, 
                                "frequency": 3, 
                                "period": 1, 
                                "periodUnit": "d"
                            }
                        }
                    }
                ], 
                "id": "smart-MedicationRequest-360", 
                "intent": "order", 
                "medicationCodeableConcept": {
                    "coding": [
                        {
                            "code": "635969", 
                            "display": "ferrous sulfate 325 MG [Feosol]", 
                            "system": "http://www.nlm.nih.gov/research/umls/rxnorm"
                        }
                    ], 
                    "text": "ferrous sulfate 325 MG [Feosol]"
                }, 
                "resourceType": "MedicationRequest", 
                "status": "active", 
                "subject": {
                    "reference": "Patient/smart-4444001"
                }, 
                "text": {
                    "div": "<div xmlns=\"http://www.w3.org/1999/xhtml\">ferrous sulfate 325 MG [Feosol] (rxnorm: 635969)</div>", 
                    "status": "generated"
                }
            }
        }, 
        {
            "request": {
                "method": "PUT", 
                "url": "MedicationRequest/smart-MedicationRequest-361"
            }, 
            "resource": {
                "dosageInstruction": [
                    {
                        "doseQuantity": {
                            "code": "{tablet}", 
                            "system": "http://unitsofmeasure.org", 
                            "unit": "{tablet}", 
                            "value": 1.0
                        }, 
                        "text": "1 tab qd", 
                        "timing": {
                            "repeat": {
                                "boundsPeriod": {
                                    "start": "2015-02-07"
                                }, 
                                "frequency": 1, 
                                "period": 1, 
                                "periodUnit": "d"
                            }
                        }
                    }
                ], 
                "id": "smart-MedicationRequest-361", 
                "intent": "order", 
                "medicationCodeableConcept": {
                    "coding": [
                        {
                            "code": "567575", 
                            "display": "Lisinopril 5 MG [Prinivil]", 
                            "system": "http://www.nlm.nih.gov/research/umls/rxnorm"
                        }
                    ], 
                    "text": "Lisinopril 5 MG [Prinivil]"
                }, 
                "resourceType": "MedicationRequest", 
                "status": "active", 
                "subject": {
                    "reference": "Patient/smart-4444001"
                }, 
                "text": {
                    "div": "<div xmlns=\"http://www.w3.org/1999/xhtml\">Lisinopril 5 MG [Prinivil] (rxnorm: 567575)</div>", 
                    "status": "generated"
                }
            }
        }, 
        {
            "request": {
                "method": "PUT", 
                "url": "MedicationRequest/smart-MedicationRequest-362"
            }, 
            "resource": {
                "dosageInstruction": [
                    {
                        "doseQuantity": {
                            "code": "{tablet}", 
                            "system": "http://unitsofmeasure.org", 
                            "unit": "{tablet}", 
                            "value": 1.0
                        }, 
                        "text": "1 tab bid wf", 
                        "timing": {
                            "repeat": {
                                "boundsPeriod": {
                                    "start": "2015-01-27"
                                }, 
                                "frequency": 2, 
                                "period": 1, 
                                "periodUnit": "d"
                            }
                        }
                    }
                ], 
                "id": "smart-MedicationRequest-362", 
                "intent": "order", 
                "medicationCodeableConcept": {
                    "coding": [
                        {
                            "code": "860976", 
                            "display": "Metformin hydrochloride 500 MG [Glucophage]", 
                            "system": "http://www.nlm.nih.gov/research/umls/rxnorm"
                        }
                    ], 
                    "text": "Metformin hydrochloride 500 MG [Glucophage]"
                }, 
                "resourceType": "MedicationRequest", 
                "status": "active", 
                "subject": {
                    "reference": "Patient/smart-4444001"
                }, 
                "text": {
                    "div": "<div xmlns=\"http://www.w3.org/1999/xhtml\">Metformin hydrochloride 500 MG [Glucophage] (rxnorm: 860976)</div>", 
                    "status": "generated"
                }
            }
        }, 
        {
            "request": {
                "method": "PUT", 
                "url": "MedicationRequest/smart-MedicationRequest-363"
            }, 
            "resource": {
                "dosageInstruction": [
                    {
                        "doseQuantity": {
                            "code": "{tablet}", 
                            "system": "http://unitsofmeasure.org", 
                            "unit": "{tablet}", 
                            "value": 1.0
                        }, 
                        "text": "1 tab qd", 
                        "timing": {
                            "repeat": {
                                "boundsPeriod": {
                                    "end": "2015-08-18", 
                                    "start": "2014-08-18"
                                }, 
                                "frequency": 1, 
                                "period": 1, 
                                "periodUnit": "d"
                            }
                        }
                    }
                ], 
                "id": "smart-MedicationRequest-363", 
                "intent": "order", 
                "medicationCodeableConcept": {
                    "coding": [
                        {
                            "code": "1370507", 
                            "display": "metoprolol succinate 25 MG [Toprol]", 
                            "system": "http://www.nlm.nih.gov/research/umls/rxnorm"
                        }
                    ], 
                    "text": "metoprolol succinate 25 MG [Toprol]"
                }, 
                "resourceType": "MedicationRequest", 
                "status": "completed", 
                "subject": {
                    "reference": "Patient/smart-4444001"
                }, 
                "text": {
                    "div": "<div xmlns=\"http://www.w3.org/1999/xhtml\">metoprolol succinate 25 MG [Toprol] (rxnorm: 1370507)</div>", 
                    "status": "generated"
                }
            }
        }
    ], 
    "resourceType": "Bundle", 
    "type": "transaction"
}
