{
    "entry": [
        {
            "request": {
                "method": "PUT", 
                "url": "Observation/smart-2187-lab"
            }, 
            "resource": {
                "category": [
                    {
                        "coding": [
                            {
                                "code": "laboratory", 
                                "display": "Laboratory", 
                                "system": "http://hl7.org/fhir/observation-category"
                            }
                        ], 
                        "text": "Laboratory"
                    }
                ], 
                "code": {
                    "coding": [
                        {
                            "code": "17861-6", 
                            "display": "Calcium SerPl-mCnc", 
                            "system": "http://loinc.org"
                        }
                    ], 
                    "text": "Calcium SerPl-mCnc"
                }, 
                "effectiveDateTime": "2005-12-30", 
                "id": "smart-2187-lab", 
                "identifier": [
                    {
                        "system": "http://www.bmc.nl/zorgportal/identifiers/observations", 
                        "use": "official", 
                        "value": "smart-2187-lab"
                    }
                ], 
                "performer": [
                    {
                        "reference": "Practitioner/smart-Practitioner-71482713"
                    }
                ], 
                "referenceRange": [
                    {
                        "high": {
                            "code": "mg/dL", 
                            "system": "http://unitsofmeasure.org", 
                            "unit": "mg/dL", 
                            "value": 10.1
                        }, 
                        "low": {
                            "code": "mg/dL", 
                            "system": "http://unitsofmeasure.org", 
                            "unit": "mg/dL", 
                            "value": 8.5
                        }, 
                        "type": {
                            "coding": [
                                {
                                    "code": "normal", 
                                    "display": "Normal Range", 
                                    "system": "http://hl7.org/fhir/referencerange-meaning"
                                }
                            ], 
                            "text": "Normal Range"
                        }
                    }
                ], 
                "resourceType": "Observation", 
                "status": "unknown", 
                "subject": {
                    "reference": "Patient/smart-1540505"
                }, 
                "text": {
                    "div": "<div xmlns=\"http://www.w3.org/1999/xhtml\">2005-12-30: Calcium SerPl-mCnc = 9 mg/dL</div>", 
                    "status": "generated"
                }, 
                "valueQuantity": {
                    "code": "mg/dL", 
                    "system": "http://unitsofmeasure.org", 
                    "unit": "mg/dL", 
                    "value": 9.0
                }
            }
        }, 
        {
            "request": {
                "method": "PUT", 
                "url": "Observation/smart-2188-lab"
            }, 
            "resource": {
                "category": [
                    {
                        "coding": [
                            {
                                "code": "laboratory", 
                                "display": "Laboratory", 
                                "system": "http://hl7.org/fhir/observation-category"
                            }
                        ], 
                        "text": "Laboratory"
                    }
                ], 
                "code": {
                    "coding": [
                        {
                            "code": "17861-6", 
                            "display": "Calcium SerPl-mCnc", 
                            "system": "http://loinc.org"
                        }
                    ], 
                    "text": "Calcium SerPl-mCnc"
                }, 
                "effectiveDateTime": "2005-12-30", 
                "id": "smart-2188-lab", 
                "identifier": [
                    {
                        "system": "http://www.bmc.nl/zorgportal/identifiers/observations", 
                        "use": "official", 
                        "value": "smart-2188-lab"
                    }
                ], 
                "performer": [
                    {
                        "reference": "Practitioner/smart-Practitioner-71482713"
                    }
                ], 
                "referenceRange": [
                    {
                        "high": {
                            "code": "mg/dL", 
                            "system": "http://unitsofmeasure.org", 
                            "unit": "mg/dL", 
                            "value": 10.1
                        }, 
                        "low": {
                            "code": "mg/dL", 
                            "system": "http://unitsofmeasure.org", 
                            "unit": "mg/dL", 
                            "value": 8.5
                        }, 
                        "type": {
                            "coding": [
                                {
                                    "code": "normal", 
                                    "display": "Normal Range", 
                                    "system": "http://hl7.org/fhir/referencerange-meaning"
                                }
                            ], 
                            "text": "Normal Range"
                        }
                    }
                ], 
                "resourceType": "Observation", 
                "status": "unknown", 
                "subject": {
                    "reference": "Patient/smart-1540505"
                }, 
                "text": {
                    "div": "<div xmlns=\"http://www.w3.org/1999/xhtml\">2005-12-30: Calcium SerPl-mCnc = 8 mg/dL</div>", 
                    "status": "generated"
                }, 
                "valueQuantity": {
                    "code": "mg/dL", 
                    "system": "http://unitsofmeasure.org", 
                    "unit": "mg/dL", 
                    "value": 8.0
                }
            }
        }, 
        {
            "request": {
                "method": "PUT", 
                "url": "Observation/smart-2189-lab"
            }, 
            "resource": {
                "category": [
                    {
                        "coding": [
                            {
                                "code": "laboratory", 
                                "display": "Laboratory", 
                                "system": "http://hl7.org/fhir/observation-category"
                            }
                        ], 
                        "text": "Laboratory"
                    }
                ], 
                "code": {
                    "coding": [
                        {
                            "code": "17861-6", 
                            "display": "Calcium SerPl-mCnc", 
                            "system": "http://loinc.org"
                        }
                    ], 
                    "text": "Calcium SerPl-mCnc"
                }, 
                "effectiveDateTime": "2005-12-30", 
                "id": "smart-2189-lab", 
                "identifier": [
                    {
                        "system": "http://www.bmc.nl/zorgportal/identifiers/observations", 
                        "use": "official", 
                        "value": "smart-2189-lab"
                    }
                ], 
                "performer": [
                    {
                        "reference": "Practitioner/smart-Practitioner-71482713"
                    }
                ], 
                "referenceRange": [
                    {
                        "high": {
                            "code": "mg/dL", 
                            "system": "http://unitsofmeasure.org", 
                            "unit": "mg/dL", 
                            "value": 10.1
                        }, 
                        "low": {
                            "code": "mg/dL", 
                            "system": "http://unitsofmeasure.org", 
                            "unit": "mg/dL", 
                            "value": 8.5
                        }, 
                        "type": {
                            "coding": [
                                {
                                    "code": "normal", 
                                    "display": "Normal Range", 
                                    "system": "http://hl7.org/fhir/referencerange-meaning"
                                }
                            ], 
                            "text": "Normal Range"
                        }
                    }
                ], 
                "resourceType": "Observation", 
                "status": "unknown", 
                "subject": {
                    "reference": "Patient/smart-1540505"
                }, 
                "text": {
                    "div": "<div xmlns=\"http://www.w3.org/1999/xhtml\">2005-12-30: Calcium SerPl-mCnc = 7.8 mg/dL</div>", 
                    "status": "generated"
                }, 
                "valueQuantity": {
                    "code": "mg/dL", 
                    "system": "http://unitsofmeasure.org", 
                    "unit": "mg/dL", 
                    "value": 7.8
                }
            }
        }, 
        {
            "request": {
                "method": "PUT", 
                "url": "Observation/smart-2190-lab"
            }, 
            "resource": {
                "category": [
                    {
                        "coding": [
                            {
                                "code": "laboratory", 
                                "display": "Laboratory", 
                                "system": "http://hl7.org/fhir/observation-category"
                            }
                        ], 
                        "text": "Laboratory"
                    }
                ], 
                "code": {
                    "coding": [
                        {
                            "code": "17861-6", 
                            "display": "Calcium SerPl-mCnc", 
                            "system": "http://loinc.org"
                        }
                    ], 
                    "text": "Calcium SerPl-mCnc"
                }, 
                "effectiveDateTime": "2005-12-30", 
                "id": "smart-2190-lab", 
                "identifier": [
                    {
                        "system": "http://www.bmc.nl/zorgportal/identifiers/observations", 
                        "use": "official", 
                        "value": "smart-2190-lab"
                    }
                ], 
                "performer": [
                    {
                        "reference": "Practitioner/smart-Practitioner-71482713"
                    }
                ], 
                "referenceRange": [
                    {
                        "high": {
                            "code": "mg/dL", 
                            "system": "http://unitsofmeasure.org", 
                            "unit": "mg/dL", 
                            "value": 10.1
                        }, 
                        "low": {
                            "code": "mg/dL", 
                            "system": "http://unitsofmeasure.org", 
                            "unit": "mg/dL", 
                            "value": 8.5
                        }, 
                        "type": {
                            "coding": [
                                {
                                    "code": "normal", 
                                    "display": "Normal Range", 
                                    "system": "http://hl7.org/fhir/referencerange-meaning"
                                }
                            ], 
                            "text": "Normal Range"
                        }
                    }
                ], 
                "resourceType": "Observation", 
                "status": "unknown", 
                "subject": {
                    "reference": "Patient/smart-1540505"
                }, 
                "text": {
                    "div": "<div xmlns=\"http://www.w3.org/1999/xhtml\">2005-12-30: Calcium SerPl-mCnc = 7.7 mg/dL</div>", 
                    "status": "generated"
                }, 
                "valueQuantity": {
                    "code": "mg/dL", 
                    "system": "http://unitsofmeasure.org", 
                    "unit": "mg/dL", 
                    "value": 7.7
                }
            }
        }, 
        {
            "request": {
                "method": "PUT", 
                "url": "Observation/smart-2191-lab"
            }, 
            "resource": {
                "category": [
                    {
                        "coding": [
                            {
                                "code": "laboratory", 
                                "display": "Laboratory", 
                                "system": "http://hl7.org/fhir/observation-category"
                            }
                        ], 
                        "text": "Laboratory"
                    }
                ], 
                "code": {
                    "coding": [
                        {
                            "code": "19080-1", 
                            "display": "HCG SerPl-aCnc", 
                            "system": "http://loinc.org"
                        }
                    ], 
                    "text": "HCG SerPl-aCnc"
                }, 
                "effectiveDateTime": "2005-12-30", 
                "id": "smart-2191-lab", 
                "identifier": [
                    {
                        "system": "http://www.bmc.nl/zorgportal/identifiers/observations", 
                        "use": "official", 
                        "value": "smart-2191-lab"
                    }
                ], 
                "performer": [
                    {
                        "reference": "Practitioner/smart-Practitioner-71482713"
                    }
                ], 
                "referenceRange": [
                    {
                        "high": {
                            "code": "mU/mL", 
                            "system": "http://unitsofmeasure.org", 
                            "unit": "mU/mL", 
                            "value": 6.0
                        }, 
                        "low": {
                            "code": "mU/mL", 
                            "system": "http://unitsofmeasure.org", 
                            "unit": "mU/mL", 
                            "value": 0.0
                        }, 
                        "type": {
                            "coding": [
                                {
                                    "code": "normal", 
                                    "display": "Normal Range", 
                                    "system": "http://hl7.org/fhir/referencerange-meaning"
                                }
                            ], 
                            "text": "Normal Range"
                        }
                    }
                ], 
                "resourceType": "Observation", 
                "status": "unknown", 
                "subject": {
                    "reference": "Patient/smart-1540505"
                }, 
                "text": {
                    "div": "<div xmlns=\"http://www.w3.org/1999/xhtml\">2005-12-30: HCG SerPl-aCnc = &lt;1 mU/mL</div>", 
                    "status": "generated"
                }, 
                "valueString": "<1"
            }
        }, 
        {
            "request": {
                "method": "PUT", 
                "url": "Observation/smart-2192-lab"
            }, 
            "resource": {
                "category": [
                    {
                        "coding": [
                            {
                                "code": "laboratory", 
                                "display": "Laboratory", 
                                "system": "http://hl7.org/fhir/observation-category"
                            }
                        ], 
                        "text": "Laboratory"
                    }
                ], 
                "code": {
                    "coding": [
                        {
                            "code": "2746-6", 
                            "display": "pH BldV", 
                            "system": "http://loinc.org"
                        }
                    ], 
                    "text": "pH BldV"
                }, 
                "effectiveDateTime": "2005-12-30", 
                "id": "smart-2192-lab", 
                "identifier": [
                    {
                        "system": "http://www.bmc.nl/zorgportal/identifiers/observations", 
                        "use": "official", 
                        "value": "smart-2192-lab"
                    }
                ], 
                "performer": [
                    {
                        "reference": "Practitioner/smart-Practitioner-71482713"
                    }
                ], 
                "referenceRange": [
                    {
                        "high": {
                            "code": "[pH]", 
                            "system": "http://unitsofmeasure.org", 
                            "unit": "[pH]", 
                            "value": 7.41
                        }, 
                        "low": {
                            "code": "[pH]", 
                            "system": "http://unitsofmeasure.org", 
                            "unit": "[pH]", 
                            "value": 7.36
                        }, 
                        "type": {
                            "coding": [
                                {
                                    "code": "normal", 
                                    "display": "Normal Range", 
                                    "system": "http://hl7.org/fhir/referencerange-meaning"
                                }
                            ], 
                            "text": "Normal Range"
                        }
                    }
                ], 
                "resourceType": "Observation", 
                "status": "unknown", 
                "subject": {
                    "reference": "Patient/smart-1540505"
                }, 
                "text": {
                    "div": "<div xmlns=\"http://www.w3.org/1999/xhtml\">2005-12-30: pH BldV = 7.25 [pH]</div>", 
                    "status": "generated"
                }, 
                "valueQuantity": {
                    "code": "[pH]", 
                    "system": "http://unitsofmeasure.org", 
                    "unit": "[pH]", 
                    "value": 7.25
                }
            }
        }, 
        {
            "request": {
                "method": "PUT", 
                "url": "Observation/smart-2193-lab"
            }, 
            "resource": {
                "category": [
                    {
                        "coding": [
                            {
                                "code": "laboratory", 
                                "display": "Laboratory", 
                                "system": "http://hl7.org/fhir/observation-category"
                            }
                        ], 
                        "text": "Laboratory"
                    }
                ], 
                "code": {
                    "coding": [
                        {
                            "code": "5821-4", 
                            "display": "WBC #/area UrnS HPF", 
                            "system": "http://loinc.org"
                        }
                    ], 
                    "text": "WBC #/area UrnS HPF"
                }, 
                "effectiveDateTime": "2005-12-30", 
                "id": "smart-2193-lab", 
                "identifier": [
                    {
                        "system": "http://www.bmc.nl/zorgportal/identifiers/observations", 
                        "use": "official", 
                        "value": "smart-2193-lab"
                    }
                ], 
                "performer": [
                    {
                        "reference": "Practitioner/smart-Practitioner-71482713"
                    }
                ], 
                "referenceRange": [
                    {
                        "high": {
                            "code": "/[HPF]", 
                            "system": "http://unitsofmeasure.org", 
                            "unit": "/[HPF]", 
                            "value": 0.0
                        }, 
                        "low": {
                            "code": "/[HPF]", 
                            "system": "http://unitsofmeasure.org", 
                            "unit": "/[HPF]", 
                            "value": 0.0
                        }, 
                        "type": {
                            "coding": [
                                {
                                    "code": "normal", 
                                    "display": "Normal Range", 
                                    "system": "http://hl7.org/fhir/referencerange-meaning"
                                }
                            ], 
                            "text": "Normal Range"
                        }
                    }
                ], 
                "resourceType": "Observation", 
                "status": "unknown", 
                "subject": {
                    "reference": "Patient/smart-1540505"
                }, 
                "text": {
                    "div": "<div xmlns=\"http://www.w3.org/1999/xhtml\">2005-12-30: WBC #/area UrnS HPF = 3 /[HPF]</div>", 
                    "status": "generated"
                }, 
                "valueQuantity": {
                    "code": "/[HPF]", 
                    "system": "http://unitsofmeasure.org", 
                    "unit": "/[HPF]", 
                    "value": 3.0
                }
            }
        }, 
        {
            "request": {
                "method": "PUT", 
                "url": "Observation/smart-2194-lab"
            }, 
            "resource": {
                "category": [
                    {
                        "coding": [
                            {
                                "code": "laboratory", 
                                "display": "Laboratory", 
                                "system": "http://hl7.org/fhir/observation-category"
                            }
                        ], 
                        "text": "Laboratory"
                    }
                ], 
                "code": {
                    "coding": [
                        {
                            "code": "6768-6", 
                            "display": "ALP SerPl-cCnc", 
                            "system": "http://loinc.org"
                        }
                    ], 
                    "text": "ALP SerPl-cCnc"
                }, 
                "effectiveDateTime": "2005-12-31", 
                "id": "smart-2194-lab", 
                "identifier": [
                    {
                        "system": "http://www.bmc.nl/zorgportal/identifiers/observations", 
                        "use": "official", 
                        "value": "smart-2194-lab"
                    }
                ], 
                "performer": [
                    {
                        "reference": "Practitioner/smart-Practitioner-71482713"
                    }
                ], 
                "referenceRange": [
                    {
                        "high": {
                            "code": "U/L", 
                            "system": "http://unitsofmeasure.org", 
                            "unit": "U/L", 
                            "value": 138.0
                        }, 
                        "low": {
                            "code": "U/L", 
                            "system": "http://unitsofmeasure.org", 
                            "unit": "U/L", 
                            "value": 45.0
                        }, 
                        "type": {
                            "coding": [
                                {
                                    "code": "normal", 
                                    "display": "Normal Range", 
                                    "system": "http://hl7.org/fhir/referencerange-meaning"
                                }
                            ], 
                            "text": "Normal Range"
                        }
                    }
                ], 
                "resourceType": "Observation", 
                "status": "unknown", 
                "subject": {
                    "reference": "Patient/smart-1540505"
                }, 
                "text": {
                    "div": "<div xmlns=\"http://www.w3.org/1999/xhtml\">2005-12-31: ALP SerPl-cCnc = 77 U/L</div>", 
                    "status": "generated"
                }, 
                "valueQuantity": {
                    "code": "U/L", 
                    "system": "http://unitsofmeasure.org", 
                    "unit": "U/L", 
                    "value": 77.0
                }
            }
        }, 
        {
            "request": {
                "method": "PUT", 
                "url": "Observation/smart-2195-lab"
            }, 
            "resource": {
                "category": [
                    {
                        "coding": [
                            {
                                "code": "laboratory", 
                                "display": "Laboratory", 
                                "system": "http://hl7.org/fhir/observation-category"
                            }
                        ], 
                        "text": "Laboratory"
                    }
                ], 
                "code": {
                    "coding": [
                        {
                            "code": "2885-2", 
                            "display": "Prot SerPl-mCnc", 
                            "system": "http://loinc.org"
                        }
                    ], 
                    "text": "Prot SerPl-mCnc"
                }, 
                "effectiveDateTime": "2005-12-31", 
                "id": "smart-2195-lab", 
                "identifier": [
                    {
                        "system": "http://www.bmc.nl/zorgportal/identifiers/observations", 
                        "use": "official", 
                        "value": "smart-2195-lab"
                    }
                ], 
                "performer": [
                    {
                        "reference": "Practitioner/smart-Practitioner-71482713"
                    }
                ], 
                "referenceRange": [
                    {
                        "high": {
                            "code": "g/dL", 
                            "system": "http://unitsofmeasure.org", 
                            "unit": "g/dL", 
                            "value": 8.3
                        }, 
                        "low": {
                            "code": "g/dL", 
                            "system": "http://unitsofmeasure.org", 
                            "unit": "g/dL", 
                            "value": 6.2
                        }, 
                        "type": {
                            "coding": [
                                {
                                    "code": "normal", 
                                    "display": "Normal Range", 
                                    "system": "http://hl7.org/fhir/referencerange-meaning"
                                }
                            ], 
                            "text": "Normal Range"
                        }
                    }
                ], 
                "resourceType": "Observation", 
                "status": "unknown", 
                "subject": {
                    "reference": "Patient/smart-1540505"
                }, 
                "text": {
                    "div": "<div xmlns=\"http://www.w3.org/1999/xhtml\">2005-12-31: Prot SerPl-mCnc = 6.5 g/dL</div>", 
                    "status": "generated"
                }, 
                "valueQuantity": {
                    "code": "g/dL", 
                    "system": "http://unitsofmeasure.org", 
                    "unit": "g/dL", 
                    "value": 6.5
                }
            }
        }, 
        {
            "request": {
                "method": "PUT", 
                "url": "Observation/smart-2196-lab"
            }, 
            "resource": {
                "category": [
                    {
                        "coding": [
                            {
                                "code": "laboratory", 
                                "display": "Laboratory", 
                                "system": "http://hl7.org/fhir/observation-category"
                            }
                        ], 
                        "text": "Laboratory"
                    }
                ], 
                "code": {
                    "coding": [
                        {
                            "code": "1751-7", 
                            "display": "Albumin SerPl-mCnc", 
                            "system": "http://loinc.org"
                        }
                    ], 
                    "text": "Albumin SerPl-mCnc"
                }, 
                "effectiveDateTime": "2005-12-31", 
                "id": "smart-2196-lab", 
                "identifier": [
                    {
                        "system": "http://www.bmc.nl/zorgportal/identifiers/observations", 
                        "use": "official", 
                        "value": "smart-2196-lab"
                    }
                ], 
                "performer": [
                    {
                        "reference": "Practitioner/smart-Practitioner-71482713"
                    }
                ], 
                "referenceRange": [
                    {
                        "high": {
                            "code": "g/dL", 
                            "system": "http://unitsofmeasure.org", 
                            "unit": "g/dL", 
                            "value": 5.0
                        }, 
                        "low": {
                            "code": "g/dL", 
                            "system": "http://unitsofmeasure.org", 
                            "unit": "g/dL", 
                            "value": 3.4
                        }, 
                        "type": {
                            "coding": [
                                {
                                    "code": "normal", 
                                    "display": "Normal Range", 
                                    "system": "http://hl7.org/fhir/referencerange-meaning"
                                }
                            ], 
                            "text": "Normal Range"
                        }
                    }
                ], 
                "resourceType": "Observation", 
                "status": "unknown", 
                "subject": {
                    "reference": "Patient/smart-1540505"
                }, 
                "text": {
                    "div": "<div xmlns=\"http://www.w3.org/1999/xhtml\">2005-12-31: Albumin SerPl-mCnc = 3.5 g/dL</div>", 
                    "status": "generated"
                }, 
                "valueQuantity": {
                    "code": "g/dL", 
                    "system": "http://unitsofmeasure.org", 
                    "unit": "g/dL", 
                    "value": 3.5
                }
            }
        }, 
        {
            "request": {
                "method": "PUT", 
                "url": "Observation/smart-2197-lab"
            }, 
            "resource": {
                "category": [
                    {
                        "coding": [
                            {
                                "code": "laboratory", 
                                "display": "Laboratory", 
                                "system": "http://hl7.org/fhir/observation-category"
                            }
                        ], 
                        "text": "Laboratory"
                    }
                ], 
                "code": {
                    "coding": [
                        {
                            "code": "2339-0", 
                            "display": "Glucose Bld-mCnc", 
                            "system": "http://loinc.org"
                        }
                    ], 
                    "text": "Glucose Bld-mCnc"
                }, 
                "effectiveDateTime": "2005-12-31", 
                "id": "smart-2197-lab", 
                "identifier": [
                    {
                        "system": "http://www.bmc.nl/zorgportal/identifiers/observations", 
                        "use": "official", 
                        "value": "smart-2197-lab"
                    }
                ], 
                "performer": [
                    {
                        "reference": "Practitioner/smart-Practitioner-71482713"
                    }
                ], 
                "referenceRange": [
                    {
                        "high": {
                            "code": "mg/dL", 
                            "system": "http://unitsofmeasure.org", 
                            "unit": "mg/dL", 
                            "value": 99.0
                        }, 
                        "low": {
                            "code": "mg/dL", 
                            "system": "http://unitsofmeasure.org", 
                            "unit": "mg/dL", 
                            "value": 65.0
                        }, 
                        "type": {
                            "coding": [
                                {
                                    "code": "normal", 
                                    "display": "Normal Range", 
                                    "system": "http://hl7.org/fhir/referencerange-meaning"
                                }
                            ], 
                            "text": "Normal Range"
                        }
                    }
                ], 
                "resourceType": "Observation", 
                "status": "unknown", 
                "subject": {
                    "reference": "Patient/smart-1540505"
                }, 
                "text": {
                    "div": "<div xmlns=\"http://www.w3.org/1999/xhtml\">2005-12-31: Glucose Bld-mCnc = 127 mg/dL</div>", 
                    "status": "generated"
                }, 
                "valueQuantity": {
                    "code": "mg/dL", 
                    "system": "http://unitsofmeasure.org", 
                    "unit": "mg/dL", 
                    "value": 127.0
                }
            }
        }, 
        {
            "request": {
                "method": "PUT", 
                "url": "Observation/smart-2198-lab"
            }, 
            "resource": {
                "category": [
                    {
                        "coding": [
                            {
                                "code": "laboratory", 
                                "display": "Laboratory", 
                                "system": "http://hl7.org/fhir/observation-category"
                            }
                        ], 
                        "text": "Laboratory"
                    }
                ], 
                "code": {
                    "coding": [
                        {
                            "code": "1975-2", 
                            "display": "Bilirub SerPl-mCnc", 
                            "system": "http://loinc.org"
                        }
                    ], 
                    "text": "Bilirub SerPl-mCnc"
                }, 
                "effectiveDateTime": "2005-12-31", 
                "id": "smart-2198-lab", 
                "identifier": [
                    {
                        "system": "http://www.bmc.nl/zorgportal/identifiers/observations", 
                        "use": "official", 
                        "value": "smart-2198-lab"
                    }
                ], 
                "performer": [
                    {
                        "reference": "Practitioner/smart-Practitioner-71482713"
                    }
                ], 
                "referenceRange": [
                    {
                        "high": {
                            "code": "mg/dL", 
                            "system": "http://unitsofmeasure.org", 
                            "unit": "mg/dL", 
                            "value": 1.0
                        }, 
                        "low": {
                            "code": "mg/dL", 
                            "system": "http://unitsofmeasure.org", 
                            "unit": "mg/dL", 
                            "value": 0.0
                        }, 
                        "type": {
                            "coding": [
                                {
                                    "code": "normal", 
                                    "display": "Normal Range", 
                                    "system": "http://hl7.org/fhir/referencerange-meaning"
                                }
                            ], 
                            "text": "Normal Range"
                        }
                    }
                ], 
                "resourceType": "Observation", 
                "status": "unknown", 
                "subject": {
                    "reference": "Patient/smart-1540505"
                }, 
                "text": {
                    "div": "<div xmlns=\"http://www.w3.org/1999/xhtml\">2005-12-31: Bilirub SerPl-mCnc = 0.2 mg/dL</div>", 
                    "status": "generated"
                }, 
                "valueQuantity": {
                    "code": "mg/dL", 
                    "system": "http://unitsofmeasure.org", 
                    "unit": "mg/dL", 
                    "value": 0.2
                }
            }
        }, 
        {
            "request": {
                "method": "PUT", 
                "url": "Observation/smart-2199-lab"
            }, 
            "resource": {
                "category": [
                    {
                        "coding": [
                            {
                                "code": "laboratory", 
                                "display": "Laboratory", 
                                "system": "http://hl7.org/fhir/observation-category"
                            }
                        ], 
                        "text": "Laboratory"
                    }
                ], 
                "code": {
                    "coding": [
                        {
                            "code": "1920-8", 
                            "display": "AST SerPl-cCnc", 
                            "system": "http://loinc.org"
                        }
                    ], 
                    "text": "AST SerPl-cCnc"
                }, 
                "effectiveDateTime": "2005-12-31", 
                "id": "smart-2199-lab", 
                "identifier": [
                    {
                        "system": "http://www.bmc.nl/zorgportal/identifiers/observations", 
                        "use": "official", 
                        "value": "smart-2199-lab"
                    }
                ], 
                "performer": [
                    {
                        "reference": "Practitioner/smart-Practitioner-71482713"
                    }
                ], 
                "referenceRange": [
                    {
                        "high": {
                            "code": "U/L", 
                            "system": "http://unitsofmeasure.org", 
                            "unit": "U/L", 
                            "value": 34.0
                        }, 
                        "low": {
                            "code": "U/L", 
                            "system": "http://unitsofmeasure.org", 
                            "unit": "U/L", 
                            "value": 13.0
                        }, 
                        "type": {
                            "coding": [
                                {
                                    "code": "normal", 
                                    "display": "Normal Range", 
                                    "system": "http://hl7.org/fhir/referencerange-meaning"
                                }
                            ], 
                            "text": "Normal Range"
                        }
                    }
                ], 
                "resourceType": "Observation", 
                "status": "unknown", 
                "subject": {
                    "reference": "Patient/smart-1540505"
                }, 
                "text": {
                    "div": "<div xmlns=\"http://www.w3.org/1999/xhtml\">2005-12-31: AST SerPl-cCnc = 23 U/L</div>", 
                    "status": "generated"
                }, 
                "valueQuantity": {
                    "code": "U/L", 
                    "system": "http://unitsofmeasure.org", 
                    "unit": "U/L", 
                    "value": 23.0
                }
            }
        }, 
        {
            "request": {
                "method": "PUT", 
                "url": "Observation/smart-2200-lab"
            }, 
            "resource": {
                "category": [
                    {
                        "coding": [
                            {
                                "code": "laboratory", 
                                "display": "Laboratory", 
                                "system": "http://hl7.org/fhir/observation-category"
                            }
                        ], 
                        "text": "Laboratory"
                    }
                ], 
                "code": {
                    "coding": [
                        {
                            "code": "2339-0", 
                            "display": "Glucose Bld-mCnc", 
                            "system": "http://loinc.org"
                        }
                    ], 
                    "text": "Glucose Bld-mCnc"
                }, 
                "effectiveDateTime": "2005-12-31", 
                "id": "smart-2200-lab", 
                "identifier": [
                    {
                        "system": "http://www.bmc.nl/zorgportal/identifiers/observations", 
                        "use": "official", 
                        "value": "smart-2200-lab"
                    }
                ], 
                "performer": [
                    {
                        "reference": "Practitioner/smart-Practitioner-71482713"
                    }
                ], 
                "referenceRange": [
                    {
                        "high": {
                            "code": "mg/dL", 
                            "system": "http://unitsofmeasure.org", 
                            "unit": "mg/dL", 
                            "value": 99.0
                        }, 
                        "low": {
                            "code": "mg/dL", 
                            "system": "http://unitsofmeasure.org", 
                            "unit": "mg/dL", 
                            "value": 65.0
                        }, 
                        "type": {
                            "coding": [
                                {
                                    "code": "normal", 
                                    "display": "Normal Range", 
                                    "system": "http://hl7.org/fhir/referencerange-meaning"
                                }
                            ], 
                            "text": "Normal Range"
                        }
                    }
                ], 
                "resourceType": "Observation", 
                "status": "unknown", 
                "subject": {
                    "reference": "Patient/smart-1540505"
                }, 
                "text": {
                    "div": "<div xmlns=\"http://www.w3.org/1999/xhtml\">2005-12-31: Glucose Bld-mCnc = 200 mg/dL</div>", 
                    "status": "generated"
                }, 
                "valueQuantity": {
                    "code": "mg/dL", 
                    "system": "http://unitsofmeasure.org", 
                    "unit": "mg/dL", 
                    "value": 200.0
                }
            }
        }, 
        {
            "request": {
                "method": "PUT", 
                "url": "Observation/smart-2201-lab"
            }, 
            "resource": {
                "category": [
                    {
                        "coding": [
                            {
                                "code": "laboratory", 
                                "display": "Laboratory", 
                                "system": "http://hl7.org/fhir/observation-category"
                            }
                        ], 
                        "text": "Laboratory"
                    }
                ], 
                "code": {
                    "coding": [
                        {
                            "code": "1742-6", 
                            "display": "ALT SerPl-cCnc", 
                            "system": "http://loinc.org"
                        }
                    ], 
                    "text": "ALT SerPl-cCnc"
                }, 
                "effectiveDateTime": "2005-12-31", 
                "id": "smart-2201-lab", 
                "identifier": [
                    {
                        "system": "http://www.bmc.nl/zorgportal/identifiers/observations", 
                        "use": "official", 
                        "value": "smart-2201-lab"
                    }
                ], 
                "performer": [
                    {
                        "reference": "Practitioner/smart-Practitioner-71482713"
                    }
                ], 
                "referenceRange": [
                    {
                        "high": {
                            "code": "U/L", 
                            "system": "http://unitsofmeasure.org", 
                            "unit": "U/L", 
                            "value": 58.0
                        }, 
                        "low": {
                            "code": "U/L", 
                            "system": "http://unitsofmeasure.org", 
                            "unit": "U/L", 
                            "value": 27.0
                        }, 
                        "type": {
                            "coding": [
                                {
                                    "code": "normal", 
                                    "display": "Normal Range", 
                                    "system": "http://hl7.org/fhir/referencerange-meaning"
                                }
                            ], 
                            "text": "Normal Range"
                        }
                    }
                ], 
                "resourceType": "Observation", 
                "status": "unknown", 
                "subject": {
                    "reference": "Patient/smart-1540505"
                }, 
                "text": {
                    "div": "<div xmlns=\"http://www.w3.org/1999/xhtml\">2005-12-31: ALT SerPl-cCnc = 48 U/L</div>", 
                    "status": "generated"
                }, 
                "valueQuantity": {
                    "code": "U/L", 
                    "system": "http://unitsofmeasure.org", 
                    "unit": "U/L", 
                    "value": 48.0
                }
            }
        }, 
        {
            "request": {
                "method": "PUT", 
                "url": "Condition/smart-Condition-408"
            }, 
            "resource": {
                "clinicalStatus": "active", 
                "code": {
                    "coding": [
                        {
                            "code": "162031009", 
                            "display": "Dyspepsia and other specified disorders of function of stomach", 
                            "system": "http://snomed.info/sct"
                        }
                    ], 
                    "text": "Dyspepsia and other specified disorders of function of stomach"
                }, 
                "id": "smart-Condition-408", 
                "onsetDateTime": "2005-03-09", 
                "resourceType": "Condition", 
                "subject": {
                    "reference": "Patient/smart-1540505"
                }, 
                "text": {
                    "div": "<div xmlns=\"http://www.w3.org/1999/xhtml\">Dyspepsia and other specified disorders of function of stomach</div>", 
                    "status": "generated"
                }, 
                "verificationStatus": "confirmed"
            }
        }, 
        {
            "request": {
                "method": "PUT", 
                "url": "Condition/smart-Condition-409"
            }, 
            "resource": {
                "clinicalStatus": "active", 
                "code": {
                    "coding": [
                        {
                            "code": "13200003", 
                            "display": "Peptic ulcer without hemorrhage, without perforation AND without obstruction", 
                            "system": "http://snomed.info/sct"
                        }
                    ], 
                    "text": "Peptic ulcer without hemorrhage, without perforation AND without obstruction"
                }, 
                "id": "smart-Condition-409", 
                "onsetDateTime": "2005-03-09", 
                "resourceType": "Condition", 
                "subject": {
                    "reference": "Patient/smart-1540505"
                }, 
                "text": {
                    "div": "<div xmlns=\"http://www.w3.org/1999/xhtml\">Peptic ulcer without hemorrhage, without perforation AND without obstruction</div>", 
                    "status": "generated"
                }, 
                "verificationStatus": "confirmed"
            }
        }, 
        {
            "request": {
                "method": "PUT", 
                "url": "Condition/smart-Condition-410"
            }, 
            "resource": {
                "clinicalStatus": "active", 
                "code": {
                    "coding": [
                        {
                            "code": "21522001", 
                            "display": "Abdominal pain", 
                            "system": "http://snomed.info/sct"
                        }
                    ], 
                    "text": "Abdominal pain"
                }, 
                "id": "smart-Condition-410", 
                "onsetDateTime": "2005-03-12", 
                "resourceType": "Condition", 
                "subject": {
                    "reference": "Patient/smart-1540505"
                }, 
                "text": {
                    "div": "<div xmlns=\"http://www.w3.org/1999/xhtml\">Abdominal pain</div>", 
                    "status": "generated"
                }, 
                "verificationStatus": "confirmed"
            }
        }, 
        {
            "request": {
                "method": "PUT", 
                "url": "Condition/smart-Condition-411"
            }, 
            "resource": {
                "clinicalStatus": "active", 
                "code": {
                    "coding": [
                        {
                            "code": "44054006", 
                            "display": "Diabetes mellitus type 2", 
                            "system": "http://snomed.info/sct"
                        }
                    ], 
                    "text": "Diabetes mellitus type 2"
                }, 
                "id": "smart-Condition-411", 
                "onsetDateTime": "2005-03-12", 
                "resourceType": "Condition", 
                "subject": {
                    "reference": "Patient/smart-1540505"
                }, 
                "text": {
                    "div": "<div xmlns=\"http://www.w3.org/1999/xhtml\">Diabetes mellitus type 2</div>", 
                    "status": "generated"
                }, 
                "verificationStatus": "confirmed"
            }
        }, 
        {
            "request": {
                "method": "PUT", 
                "url": "Condition/smart-Condition-412"
            }, 
            "resource": {
                "clinicalStatus": "active", 
                "code": {
                    "coding": [
                        {
                            "code": "301717006", 
                            "display": "Right upper quadrant pain", 
                            "system": "http://snomed.info/sct"
                        }
                    ], 
                    "text": "Right upper quadrant pain"
                }, 
                "id": "smart-Condition-412", 
                "onsetDateTime": "2005-03-25", 
                "resourceType": "Condition", 
                "subject": {
                    "reference": "Patient/smart-1540505"
                }, 
                "text": {
                    "div": "<div xmlns=\"http://www.w3.org/1999/xhtml\">Right upper quadrant pain</div>", 
                    "status": "generated"
                }, 
                "verificationStatus": "confirmed"
            }
        }, 
        {
            "request": {
                "method": "PUT", 
                "url": "Condition/smart-Condition-413"
            }, 
            "resource": {
                "clinicalStatus": "active", 
                "code": {
                    "coding": [
                        {
                            "code": "29857009", 
                            "display": "Chest pain", 
                            "system": "http://snomed.info/sct"
                        }
                    ], 
                    "text": "Chest pain"
                }, 
                "id": "smart-Condition-413", 
                "onsetDateTime": "2005-11-20", 
                "resourceType": "Condition", 
                "subject": {
                    "reference": "Patient/smart-1540505"
                }, 
                "text": {
                    "div": "<div xmlns=\"http://www.w3.org/1999/xhtml\">Chest pain</div>", 
                    "status": "generated"
                }, 
                "verificationStatus": "confirmed"
            }
        }, 
        {
            "request": {
                "method": "PUT", 
                "url": "Condition/smart-Condition-414"
            }, 
            "resource": {
                "clinicalStatus": "active", 
                "code": {
                    "coding": [
                        {
                            "code": "14302001", 
                            "display": "Absence of menstruation", 
                            "system": "http://snomed.info/sct"
                        }
                    ], 
                    "text": "Absence of menstruation"
                }, 
                "id": "smart-Condition-414", 
                "onsetDateTime": "2005-12-30", 
                "resourceType": "Condition", 
                "subject": {
                    "reference": "Patient/smart-1540505"
                }, 
                "text": {
                    "div": "<div xmlns=\"http://www.w3.org/1999/xhtml\">Absence of menstruation</div>", 
                    "status": "generated"
                }, 
                "verificationStatus": "confirmed"
            }
        }, 
        {
            "request": {
                "method": "PUT", 
                "url": "Condition/smart-Condition-415"
            }, 
            "resource": {
                "clinicalStatus": "active", 
                "code": {
                    "coding": [
                        {
                            "code": "59455009", 
                            "display": "Acidosis", 
                            "system": "http://snomed.info/sct"
                        }
                    ], 
                    "text": "Acidosis"
                }, 
                "id": "smart-Condition-415", 
                "onsetDateTime": "2005-12-30", 
                "resourceType": "Condition", 
                "subject": {
                    "reference": "Patient/smart-1540505"
                }, 
                "text": {
                    "div": "<div xmlns=\"http://www.w3.org/1999/xhtml\">Acidosis</div>", 
                    "status": "generated"
                }, 
                "verificationStatus": "confirmed"
            }
        }, 
        {
            "request": {
                "method": "PUT", 
                "url": "Condition/smart-Condition-416"
            }, 
            "resource": {
                "clinicalStatus": "active", 
                "code": {
                    "coding": [
                        {
                            "code": "14760008", 
                            "display": "Constipation", 
                            "system": "http://snomed.info/sct"
                        }
                    ], 
                    "text": "Constipation"
                }, 
                "id": "smart-Condition-416", 
                "onsetDateTime": "2005-12-30", 
                "resourceType": "Condition", 
                "subject": {
                    "reference": "Patient/smart-1540505"
                }, 
                "text": {
                    "div": "<div xmlns=\"http://www.w3.org/1999/xhtml\">Constipation</div>", 
                    "status": "generated"
                }, 
                "verificationStatus": "confirmed"
            }
        }, 
        {
            "request": {
                "method": "PUT", 
                "url": "Condition/smart-Condition-417"
            }, 
            "resource": {
                "clinicalStatus": "active", 
                "code": {
                    "coding": [
                        {
                            "code": "34095006", 
                            "display": "Dehydration", 
                            "system": "http://snomed.info/sct"
                        }
                    ], 
                    "text": "Dehydration"
                }, 
                "id": "smart-Condition-417", 
                "onsetDateTime": "2005-12-30", 
                "resourceType": "Condition", 
                "subject": {
                    "reference": "Patient/smart-1540505"
                }, 
                "text": {
                    "div": "<div xmlns=\"http://www.w3.org/1999/xhtml\">Dehydration</div>", 
                    "status": "generated"
                }, 
                "verificationStatus": "confirmed"
            }
        }, 
        {
            "request": {
                "method": "PUT", 
                "url": "Condition/smart-Condition-418"
            }, 
            "resource": {
                "clinicalStatus": "active", 
                "code": {
                    "coding": [
                        {
                            "code": "235595009", 
                            "display": "Gastroesophageal reflux disease", 
                            "system": "http://snomed.info/sct"
                        }
                    ], 
                    "text": "Gastroesophageal reflux disease"
                }, 
                "id": "smart-Condition-418", 
                "onsetDateTime": "2005-12-30", 
                "resourceType": "Condition", 
                "subject": {
                    "reference": "Patient/smart-1540505"
                }, 
                "text": {
                    "div": "<div xmlns=\"http://www.w3.org/1999/xhtml\">Gastroesophageal reflux disease</div>", 
                    "status": "generated"
                }, 
                "verificationStatus": "confirmed"
            }
        }, 
        {
            "request": {
                "method": "PUT", 
                "url": "Condition/smart-Condition-419"
            }, 
            "resource": {
                "clinicalStatus": "active", 
                "code": {
                    "coding": [
                        {
                            "code": "43339004", 
                            "display": "Hypokalemia", 
                            "system": "http://snomed.info/sct"
                        }
                    ], 
                    "text": "Hypokalemia"
                }, 
                "id": "smart-Condition-419", 
                "onsetDateTime": "2005-12-30", 
                "resourceType": "Condition", 
                "subject": {
                    "reference": "Patient/smart-1540505"
                }, 
                "text": {
                    "div": "<div xmlns=\"http://www.w3.org/1999/xhtml\">Hypokalemia</div>", 
                    "status": "generated"
                }, 
                "verificationStatus": "confirmed"
            }
        }, 
        {
            "request": {
                "method": "PUT", 
                "url": "Condition/smart-Condition-420"
            }, 
            "resource": {
                "clinicalStatus": "active", 
                "code": {
                    "coding": [
                        {
                            "code": "25374005", 
                            "display": "Other and unspecified noninfectious gastroenteritis and colitis", 
                            "system": "http://snomed.info/sct"
                        }
                    ], 
                    "text": "Other and unspecified noninfectious gastroenteritis and colitis"
                }, 
                "id": "smart-Condition-420", 
                "onsetDateTime": "2005-12-30", 
                "resourceType": "Condition", 
                "subject": {
                    "reference": "Patient/smart-1540505"
                }, 
                "text": {
                    "div": "<div xmlns=\"http://www.w3.org/1999/xhtml\">Other and unspecified noninfectious gastroenteritis and colitis</div>", 
                    "status": "generated"
                }, 
                "verificationStatus": "confirmed"
            }
        }, 
        {
            "request": {
                "method": "PUT", 
                "url": "Condition/smart-Condition-421"
            }, 
            "resource": {
                "clinicalStatus": "active", 
                "code": {
                    "coding": [
                        {
                            "code": "267432004", 
                            "display": "Pure hypercholesterolemia", 
                            "system": "http://snomed.info/sct"
                        }
                    ], 
                    "text": "Pure hypercholesterolemia"
                }, 
                "id": "smart-Condition-421", 
                "onsetDateTime": "2005-12-30", 
                "resourceType": "Condition", 
                "subject": {
                    "reference": "Patient/smart-1540505"
                }, 
                "text": {
                    "div": "<div xmlns=\"http://www.w3.org/1999/xhtml\">Pure hypercholesterolemia</div>", 
                    "status": "generated"
                }, 
                "verificationStatus": "confirmed"
            }
        }, 
        {
            "request": {
                "method": "PUT", 
                "url": "Condition/smart-Condition-422"
            }, 
            "resource": {
                "clinicalStatus": "active", 
                "code": {
                    "coding": [
                        {
                            "code": "38341003", 
                            "display": "Essential hypertension", 
                            "system": "http://snomed.info/sct"
                        }
                    ], 
                    "text": "Essential hypertension"
                }, 
                "id": "smart-Condition-422", 
                "onsetDateTime": "2006-04-10", 
                "resourceType": "Condition", 
                "subject": {
                    "reference": "Patient/smart-1540505"
                }, 
                "text": {
                    "div": "<div xmlns=\"http://www.w3.org/1999/xhtml\">Essential hypertension</div>", 
                    "status": "generated"
                }, 
                "verificationStatus": "confirmed"
            }
        }, 
        {
            "request": {
                "method": "PUT", 
                "url": "Condition/smart-Condition-423"
            }, 
            "resource": {
                "clinicalStatus": "active", 
                "code": {
                    "coding": [
                        {
                            "code": "25064002", 
                            "display": "Headache", 
                            "system": "http://snomed.info/sct"
                        }
                    ], 
                    "text": "Headache"
                }, 
                "id": "smart-Condition-423", 
                "onsetDateTime": "2006-04-10", 
                "resourceType": "Condition", 
                "subject": {
                    "reference": "Patient/smart-1540505"
                }, 
                "text": {
                    "div": "<div xmlns=\"http://www.w3.org/1999/xhtml\">Headache</div>", 
                    "status": "generated"
                }, 
                "verificationStatus": "confirmed"
            }
        }, 
        {
            "request": {
                "method": "PUT", 
                "url": "Observation/smart-smokingstatus-23"
            }, 
            "resource": {
                "category": [
                    {
                        "coding": [
                            {
                                "code": "social-history", 
                                "display": "Social History", 
                                "system": "http://hl7.org/fhir/observation-category"
                            }
                        ], 
                        "text": "Social History"
                    }
                ], 
                "code": {
                    "coding": [
                        {
                            "code": "72166-2", 
                            "display": "Tobacco smoking status", 
                            "system": "http://loinc.org"
                        }
                    ], 
                    "text": "Tobacco smoking status"
                }, 
                "effectiveDateTime": "2016-01-27", 
                "id": "smart-smokingstatus-23", 
                "identifier": [
                    {
                        "system": "http://www.bmc.nl/zorgportal/identifiers/observations", 
                        "use": "official", 
                        "value": "smart-23"
                    }
                ], 
                "performer": [
                    {
                        "reference": "Practitioner/smart-Practitioner-71482713"
                    }
                ], 
                "resourceType": "Observation", 
                "status": "final", 
                "subject": {
                    "reference": "Patient/smart-1540505"
                }, 
                "text": {
                    "div": "<div xmlns=\"http://www.w3.org/1999/xhtml\">Tobacco smoking status: Current every day smoker</div>", 
                    "status": "generated"
                }, 
                "valueCodeableConcept": {
                    "coding": [
                        {
                            "code": "449868002", 
                            "display": "Current every day smoker", 
                            "system": "http://snomed.info/sct"
                        }
                    ], 
                    "text": "Current every day smoker"
                }
            }
        }, 
        {
            "request": {
                "method": "PUT", 
                "url": "AllergyIntolerance/smart-AllergyIntolerance-32"
            }, 
            "resource": {
                "assertedDate": "2000", 
                "clinicalStatus": "active", 
                "code": {
                    "coding": [
                        {
                            "code": "716186003", 
                            "display": "No known allergies", 
                            "system": "http://snomed.info/sct"
                        }
                    ], 
                    "text": "No known allergies"
                }, 
                "id": "smart-AllergyIntolerance-32", 
                "patient": {
                    "reference": "Patient/smart-1540505"
                }, 
                "resourceType": "AllergyIntolerance", 
                "text": {
                    "div": "<div xmlns=\"http://www.w3.org/1999/xhtml\">No known allergies</div>", 
                    "status": "generated"
                }, 
                "verificationStatus": "confirmed"
            }
        }
    ], 
    "resourceType": "Bundle", 
    "type": "transaction"
}
