{
    "entry": [
        {
            "request": {
                "method": "PUT", 
                "url": "Patient/smart-5555003"
            }, 
            "resource": {
                "active": true, 
                "address": [
                    {
                        "city": "Morrisville", 
                        "country": "USA", 
                        "line": [
                            "2001 Airport Road"
                        ], 
                        "postalCode": "27560.0", 
                        "state": "NC", 
                        "use": "home"
                    }
                ], 
                "birthDate": "1952-05-12", 
                "gender": "female", 
                "generalPractitioner": [
                    {
                        "reference": "Practitioner/smart-Practitioner-71482713"
                    }
                ], 
                "id": "smart-5555003", 
                "identifier": [
                    {
                        "system": "http://hospital.smarthealthit.org", 
                        "type": {
                            "coding": [
                                {
                                    "code": "MR", 
                                    "display": "Medical Record Number", 
                                    "system": "http://hl7.org/fhir/v2/0203"
                                }
                            ], 
                            "text": "Medical Record Number"
                        }, 
                        "use": "official", 
                        "value": "smart-5555003"
                    }
                ], 
                "name": [
                    {
                        "family": "Hoffman", 
                        "given": [
                            "Mildred", 
                            "E"
                        ], 
                        "use": "official"
                    }
                ], 
                "resourceType": "Patient", 
                "telecom": [
                    {
                        "system": "email", 
                        "value": "mildred.hoffman@example.com"
                    }
                ], 
                "text": {
                    "div": "<div xmlns=\"http://www.w3.org/1999/xhtml\">Mildred Hoffman</div>", 
                    "status": "generated"
                }
            }
        }, 
        {
            "request": {
                "method": "PUT", 
                "url": "MedicationRequest/smart-MedicationRequest-335"
            }, 
            "resource": {
                "dispenseRequest": {
                    "expectedSupplyDuration": {
                        "code": "d", 
                        "system": "http://unitsofmeasure.org", 
                        "unit": "days", 
                        "value": 30
                    }, 
                    "numberOfRepeatsAllowed": 1, 
                    "quantity": {
                        "code": "{tablet}", 
                        "system": "http://unitsofmeasure.org", 
                        "unit": "{tablet}", 
                        "value": 60.0
                    }
                }, 
                "dosageInstruction": [
                    {
                        "doseQuantity": {
                            "code": "{tablet}", 
                            "system": "http://unitsofmeasure.org", 
                            "unit": "{tablet}", 
                            "value": 1.0
                        }, 
                        "text": "1 tab bid", 
                        "timing": {
                            "repeat": {
                                "boundsPeriod": {
                                    "start": "2012-04-23"
                                }, 
                                "frequency": 2, 
                                "period": 1, 
                                "periodUnit": "d"
                            }
                        }
                    }
                ], 
                "id": "smart-MedicationRequest-335", 
                "intent": "order", 
                "medicationCodeableConcept": {
                    "coding": [
                        {
                            "code": "200033", 
                            "display": "Carvedilol Tablet 25mg", 
                            "system": "http://www.nlm.nih.gov/research/umls/rxnorm"
                        }
                    ], 
                    "text": "Carvedilol Tablet 25mg"
                }, 
                "resourceType": "MedicationRequest", 
                "status": "active", 
                "subject": {
                    "reference": "Patient/smart-5555003"
                }, 
                "text": {
                    "div": "<div xmlns=\"http://www.w3.org/1999/xhtml\">Carvedilol Tablet 25mg (rxnorm: 200033)</div>", 
                    "status": "generated"
                }
            }
        }, 
        {
            "request": {
                "method": "PUT", 
                "url": "MedicationRequest/smart-MedicationRequest-336"
            }, 
            "resource": {
                "dispenseRequest": {
                    "expectedSupplyDuration": {
                        "code": "d", 
                        "system": "http://unitsofmeasure.org", 
                        "unit": "days", 
                        "value": 30
                    }, 
                    "numberOfRepeatsAllowed": 1, 
                    "quantity": {
                        "code": "{tablet}", 
                        "system": "http://unitsofmeasure.org", 
                        "unit": "{tablet}", 
                        "value": 30.0
                    }
                }, 
                "dosageInstruction": [
                    {
                        "doseQuantity": {
                            "code": "{tablet}", 
                            "system": "http://unitsofmeasure.org", 
                            "unit": "{tablet}", 
                            "value": 1.0
                        }, 
                        "text": "1 tab qd", 
                        "timing": {
                            "repeat": {
                                "boundsPeriod": {
                                    "start": "2014-05-24"
                                }, 
                                "frequency": 1, 
                                "period": 1, 
                                "periodUnit": "d"
                            }
                        }
                    }
                ], 
                "id": "smart-MedicationRequest-336", 
                "intent": "order", 
                "medicationCodeableConcept": {
                    "coding": [
                        {
                            "code": "200096", 
                            "display": "Irbesartan Tablet 300mg", 
                            "system": "http://www.nlm.nih.gov/research/umls/rxnorm"
                        }
                    ], 
                    "text": "Irbesartan Tablet 300mg"
                }, 
                "resourceType": "MedicationRequest", 
                "status": "active", 
                "subject": {
                    "reference": "Patient/smart-5555003"
                }, 
                "text": {
                    "div": "<div xmlns=\"http://www.w3.org/1999/xhtml\">Irbesartan Tablet 300mg (rxnorm: 200096)</div>", 
                    "status": "generated"
                }
            }
        }, 
        {
            "request": {
                "method": "PUT", 
                "url": "MedicationRequest/smart-MedicationRequest-337"
            }, 
            "resource": {
                "dispenseRequest": {
                    "expectedSupplyDuration": {
                        "code": "d", 
                        "system": "http://unitsofmeasure.org", 
                        "unit": "days", 
                        "value": 30
                    }, 
                    "numberOfRepeatsAllowed": 1, 
                    "quantity": {
                        "code": "{tablet}", 
                        "system": "http://unitsofmeasure.org", 
                        "unit": "{tablet}", 
                        "value": 30.0
                    }
                }, 
                "dosageInstruction": [
                    {
                        "doseQuantity": {
                            "code": "{tablet}", 
                            "system": "http://unitsofmeasure.org", 
                            "unit": "{tablet}", 
                            "value": 1.0
                        }, 
                        "text": "1 tab qd", 
                        "timing": {
                            "repeat": {
                                "boundsPeriod": {
                                    "end": "2014-05-24", 
                                    "start": "2012-07-23"
                                }, 
                                "frequency": 1, 
                                "period": 1, 
                                "periodUnit": "d"
                            }
                        }
                    }
                ], 
                "id": "smart-MedicationRequest-337", 
                "intent": "order", 
                "medicationCodeableConcept": {
                    "coding": [
                        {
                            "code": "979480", 
                            "display": "losartan Tablet 100mg", 
                            "system": "http://www.nlm.nih.gov/research/umls/rxnorm"
                        }
                    ], 
                    "text": "losartan Tablet 100mg"
                }, 
                "resourceType": "MedicationRequest", 
                "status": "completed", 
                "subject": {
                    "reference": "Patient/smart-5555003"
                }, 
                "text": {
                    "div": "<div xmlns=\"http://www.w3.org/1999/xhtml\">losartan Tablet 100mg (rxnorm: 979480)</div>", 
                    "status": "generated"
                }
            }
        }, 
        {
            "request": {
                "method": "PUT", 
                "url": "MedicationRequest/smart-MedicationRequest-338"
            }, 
            "resource": {
                "dispenseRequest": {
                    "expectedSupplyDuration": {
                        "code": "d", 
                        "system": "http://unitsofmeasure.org", 
                        "unit": "days", 
                        "value": 30
                    }, 
                    "numberOfRepeatsAllowed": 1, 
                    "quantity": {
                        "code": "{tablet}", 
                        "system": "http://unitsofmeasure.org", 
                        "unit": "{tablet}", 
                        "value": 30.0
                    }
                }, 
                "dosageInstruction": [
                    {
                        "doseQuantity": {
                            "code": "{tablet}", 
                            "system": "http://unitsofmeasure.org", 
                            "unit": "{tablet}", 
                            "value": 1.0
                        }, 
                        "text": "1 tab qd", 
                        "timing": {
                            "repeat": {
                                "boundsPeriod": {
                                    "start": "2014-11-02"
                                }, 
                                "frequency": 1, 
                                "period": 1, 
                                "periodUnit": "d"
                            }
                        }
                    }
                ], 
                "id": "smart-MedicationRequest-338", 
                "intent": "order", 
                "medicationCodeableConcept": {
                    "coding": [
                        {
                            "code": "243670", 
                            "display": "Aspirin Tablet 81mg", 
                            "system": "http://www.nlm.nih.gov/research/umls/rxnorm"
                        }
                    ], 
                    "text": "Aspirin Tablet 81mg"
                }, 
                "resourceType": "MedicationRequest", 
                "status": "active", 
                "subject": {
                    "reference": "Patient/smart-5555003"
                }, 
                "text": {
                    "div": "<div xmlns=\"http://www.w3.org/1999/xhtml\">Aspirin Tablet 81mg (rxnorm: 243670)</div>", 
                    "status": "generated"
                }
            }
        }, 
        {
            "request": {
                "method": "PUT", 
                "url": "MedicationRequest/smart-MedicationRequest-339"
            }, 
            "resource": {
                "dispenseRequest": {
                    "expectedSupplyDuration": {
                        "code": "d", 
                        "system": "http://unitsofmeasure.org", 
                        "unit": "days", 
                        "value": 30
                    }, 
                    "numberOfRepeatsAllowed": 1, 
                    "quantity": {
                        "code": "{tablet}", 
                        "system": "http://unitsofmeasure.org", 
                        "unit": "{tablet}", 
                        "value": 30.0
                    }
                }, 
                "dosageInstruction": [
                    {
                        "doseQuantity": {
                            "code": "{tablet}", 
                            "system": "http://unitsofmeasure.org", 
                            "unit": "{tablet}", 
                            "value": 1.0
                        }, 
                        "text": "1 tab qd", 
                        "timing": {
                            "repeat": {
                                "boundsPeriod": {
                                    "end": "2014-12-14", 
                                    "start": "2014-11-01"
                                }, 
                                "frequency": 1, 
                                "period": 1, 
                                "periodUnit": "d"
                            }
                        }
                    }
                ], 
                "id": "smart-MedicationRequest-339", 
                "intent": "order", 
                "medicationCodeableConcept": {
                    "coding": [
                        {
                            "code": "1116639", 
                            "display": "Brilinta Tablet 90mg", 
                            "system": "http://www.nlm.nih.gov/research/umls/rxnorm"
                        }
                    ], 
                    "text": "Brilinta Tablet 90mg"
                }, 
                "resourceType": "MedicationRequest", 
                "status": "completed", 
                "subject": {
                    "reference": "Patient/smart-5555003"
                }, 
                "text": {
                    "div": "<div xmlns=\"http://www.w3.org/1999/xhtml\">Brilinta Tablet 90mg (rxnorm: 1116639)</div>", 
                    "status": "generated"
                }
            }
        }, 
        {
            "request": {
                "method": "PUT", 
                "url": "MedicationRequest/smart-MedicationRequest-340"
            }, 
            "resource": {
                "dispenseRequest": {
                    "expectedSupplyDuration": {
                        "code": "d", 
                        "system": "http://unitsofmeasure.org", 
                        "unit": "days", 
                        "value": 30
                    }, 
                    "numberOfRepeatsAllowed": 1, 
                    "quantity": {
                        "code": "{tablet}", 
                        "system": "http://unitsofmeasure.org", 
                        "unit": "{tablet}", 
                        "value": 30.0
                    }
                }, 
                "dosageInstruction": [
                    {
                        "doseQuantity": {
                            "code": "{tablet}", 
                            "system": "http://unitsofmeasure.org", 
                            "unit": "{tablet}", 
                            "value": 1.0
                        }, 
                        "text": "1 tab qd", 
                        "timing": {
                            "repeat": {
                                "boundsPeriod": {
                                    "start": "2012-05-02"
                                }, 
                                "frequency": 1, 
                                "period": 1, 
                                "periodUnit": "d"
                            }
                        }
                    }
                ], 
                "id": "smart-MedicationRequest-340", 
                "intent": "order", 
                "medicationCodeableConcept": {
                    "coding": [
                        {
                            "code": "402014", 
                            "display": "Omeprazole Delayed Release Tablet 20mg", 
                            "system": "http://www.nlm.nih.gov/research/umls/rxnorm"
                        }
                    ], 
                    "text": "Omeprazole Delayed Release Tablet 20mg"
                }, 
                "resourceType": "MedicationRequest", 
                "status": "active", 
                "subject": {
                    "reference": "Patient/smart-5555003"
                }, 
                "text": {
                    "div": "<div xmlns=\"http://www.w3.org/1999/xhtml\">Omeprazole Delayed Release Tablet 20mg (rxnorm: 402014)</div>", 
                    "status": "generated"
                }
            }
        }, 
        {
            "request": {
                "method": "PUT", 
                "url": "MedicationRequest/smart-MedicationRequest-341"
            }, 
            "resource": {
                "dispenseRequest": {
                    "expectedSupplyDuration": {
                        "code": "d", 
                        "system": "http://unitsofmeasure.org", 
                        "unit": "days", 
                        "value": 30
                    }, 
                    "numberOfRepeatsAllowed": 1, 
                    "quantity": {
                        "code": "{tablet}", 
                        "system": "http://unitsofmeasure.org", 
                        "unit": "{tablet}", 
                        "value": 30.0
                    }
                }, 
                "dosageInstruction": [
                    {
                        "doseQuantity": {
                            "code": "{tablet}", 
                            "system": "http://unitsofmeasure.org", 
                            "unit": "{tablet}", 
                            "value": 1.0
                        }, 
                        "text": "1 tab qd", 
                        "timing": {
                            "repeat": {
                                "boundsPeriod": {
                                    "start": "2014-08-11"
                                }, 
                                "frequency": 1, 
                                "period": 1, 
                                "periodUnit": "d"
                            }
                        }
                    }
                ], 
                "id": "smart-MedicationRequest-341", 
                "intent": "order", 
                "medicationCodeableConcept": {
                    "coding": [
                        {
                            "code": "966247", 
                            "display": "Synthroid Tablet 50mcg", 
                            "system": "http://www.nlm.nih.gov/research/umls/rxnorm"
                        }
                    ], 
                    "text": "Synthroid Tablet 50mcg"
                }, 
                "resourceType": "MedicationRequest", 
                "status": "active", 
                "subject": {
                    "reference": "Patient/smart-5555003"
                }, 
                "text": {
                    "div": "<div xmlns=\"http://www.w3.org/1999/xhtml\">Synthroid Tablet 50mcg (rxnorm: 966247)</div>", 
                    "status": "generated"
                }
            }
        }, 
        {
            "request": {
                "method": "PUT", 
                "url": "MedicationRequest/smart-MedicationRequest-342"
            }, 
            "resource": {
                "dispenseRequest": {
                    "expectedSupplyDuration": {
                        "code": "d", 
                        "system": "http://unitsofmeasure.org", 
                        "unit": "days", 
                        "value": 30
                    }, 
                    "numberOfRepeatsAllowed": 1, 
                    "quantity": {
                        "code": "{tablet}", 
                        "system": "http://unitsofmeasure.org", 
                        "unit": "{tablet}", 
                        "value": 30.0
                    }
                }, 
                "dosageInstruction": [
                    {
                        "doseQuantity": {
                            "code": "{tablet}", 
                            "system": "http://unitsofmeasure.org", 
                            "unit": "{tablet}", 
                            "value": 1.0
                        }, 
                        "text": "1 tab qd", 
                        "timing": {
                            "repeat": {
                                "boundsPeriod": {
                                    "end": "2014-09-03", 
                                    "start": "2014-08-11"
                                }, 
                                "frequency": 1, 
                                "period": 1, 
                                "periodUnit": "d"
                            }
                        }
                    }
                ], 
                "id": "smart-MedicationRequest-342", 
                "intent": "order", 
                "medicationCodeableConcept": {
                    "coding": [
                        {
                            "code": "966158", 
                            "display": "Synthroid Tablet 25mcg", 
                            "system": "http://www.nlm.nih.gov/research/umls/rxnorm"
                        }
                    ], 
                    "text": "Synthroid Tablet 25mcg"
                }, 
                "resourceType": "MedicationRequest", 
                "status": "completed", 
                "subject": {
                    "reference": "Patient/smart-5555003"
                }, 
                "text": {
                    "div": "<div xmlns=\"http://www.w3.org/1999/xhtml\">Synthroid Tablet 25mcg (rxnorm: 966158)</div>", 
                    "status": "generated"
                }
            }
        }, 
        {
            "request": {
                "method": "PUT", 
                "url": "MedicationRequest/smart-MedicationRequest-343"
            }, 
            "resource": {
                "dispenseRequest": {
                    "expectedSupplyDuration": {
                        "code": "d", 
                        "system": "http://unitsofmeasure.org", 
                        "unit": "days", 
                        "value": 30
                    }, 
                    "numberOfRepeatsAllowed": 1, 
                    "quantity": {
                        "code": "[drp]", 
                        "system": "http://unitsofmeasure.org", 
                        "unit": "[drp]", 
                        "value": 1.0
                    }
                }, 
                "dosageInstruction": [
                    {
                        "doseQuantity": {
                            "code": "[drp]", 
                            "system": "http://unitsofmeasure.org", 
                            "unit": "[drp]", 
                            "value": 1.0
                        }, 
                        "text": "1 drop OU bid", 
                        "timing": {
                            "repeat": {
                                "boundsPeriod": {
                                    "start": "2012-10-17"
                                }, 
                                "frequency": 2, 
                                "period": 1, 
                                "periodUnit": "d"
                            }
                        }
                    }
                ], 
                "id": "smart-MedicationRequest-343", 
                "intent": "order", 
                "medicationCodeableConcept": {
                    "coding": [
                        {
                            "code": "707566", 
                            "display": "Systane ophthalmic solution", 
                            "system": "http://www.nlm.nih.gov/research/umls/rxnorm"
                        }
                    ], 
                    "text": "Systane ophthalmic solution"
                }, 
                "resourceType": "MedicationRequest", 
                "status": "active", 
                "subject": {
                    "reference": "Patient/smart-5555003"
                }, 
                "text": {
                    "div": "<div xmlns=\"http://www.w3.org/1999/xhtml\">Systane ophthalmic solution (rxnorm: 707566)</div>", 
                    "status": "generated"
                }
            }
        }, 
        {
            "request": {
                "method": "PUT", 
                "url": "MedicationRequest/smart-MedicationRequest-344"
            }, 
            "resource": {
                "dispenseRequest": {
                    "expectedSupplyDuration": {
                        "code": "d", 
                        "system": "http://unitsofmeasure.org", 
                        "unit": "days", 
                        "value": 30
                    }, 
                    "numberOfRepeatsAllowed": 1
                }, 
                "dosageInstruction": [
                    {
                        "text": "2 puffs every 4 hrs for asthma"
                    }
                ], 
                "id": "smart-MedicationRequest-344", 
                "intent": "order", 
                "medicationCodeableConcept": {
                    "coding": [
                        {
                            "code": "745752", 
                            "display": "ProAir HFA", 
                            "system": "http://www.nlm.nih.gov/research/umls/rxnorm"
                        }
                    ], 
                    "text": "ProAir HFA"
                }, 
                "resourceType": "MedicationRequest", 
                "status": "active", 
                "subject": {
                    "reference": "Patient/smart-5555003"
                }, 
                "text": {
                    "div": "<div xmlns=\"http://www.w3.org/1999/xhtml\">ProAir HFA (rxnorm: 745752)</div>", 
                    "status": "generated"
                }
            }
        }, 
        {
            "request": {
                "method": "PUT", 
                "url": "MedicationRequest/smart-MedicationRequest-345"
            }, 
            "resource": {
                "dispenseRequest": {
                    "expectedSupplyDuration": {
                        "code": "d", 
                        "system": "http://unitsofmeasure.org", 
                        "unit": "days", 
                        "value": 30
                    }, 
                    "numberOfRepeatsAllowed": 1
                }, 
                "dosageInstruction": [
                    {
                        "text": "1 puff every 12 hrs"
                    }
                ], 
                "id": "smart-MedicationRequest-345", 
                "intent": "order", 
                "medicationCodeableConcept": {
                    "coding": [
                        {
                            "code": "896031", 
                            "display": "Flovent 100mcg/inh", 
                            "system": "http://www.nlm.nih.gov/research/umls/rxnorm"
                        }
                    ], 
                    "text": "Flovent 100mcg/inh"
                }, 
                "resourceType": "MedicationRequest", 
                "status": "active", 
                "subject": {
                    "reference": "Patient/smart-5555003"
                }, 
                "text": {
                    "div": "<div xmlns=\"http://www.w3.org/1999/xhtml\">Flovent 100mcg/inh (rxnorm: 896031)</div>", 
                    "status": "generated"
                }
            }
        }, 
        {
            "request": {
                "method": "PUT", 
                "url": "MedicationRequest/smart-MedicationRequest-346"
            }, 
            "resource": {
                "dispenseRequest": {
                    "expectedSupplyDuration": {
                        "code": "d", 
                        "system": "http://unitsofmeasure.org", 
                        "unit": "days", 
                        "value": 30
                    }, 
                    "numberOfRepeatsAllowed": 1
                }, 
                "dosageInstruction": [
                    {
                        "text": "1 puff every 12 hrs for asthma"
                    }
                ], 
                "id": "smart-MedicationRequest-346", 
                "intent": "order", 
                "medicationCodeableConcept": {
                    "coding": [
                        {
                            "code": "896185", 
                            "display": "Advair 100/50", 
                            "system": "http://www.nlm.nih.gov/research/umls/rxnorm"
                        }
                    ], 
                    "text": "Advair 100/50"
                }, 
                "resourceType": "MedicationRequest", 
                "status": "completed", 
                "subject": {
                    "reference": "Patient/smart-5555003"
                }, 
                "text": {
                    "div": "<div xmlns=\"http://www.w3.org/1999/xhtml\">Advair 100/50 (rxnorm: 896185)</div>", 
                    "status": "generated"
                }
            }
        }, 
        {
            "request": {
                "method": "PUT", 
                "url": "MedicationRequest/smart-MedicationRequest-347"
            }, 
            "resource": {
                "dispenseRequest": {
                    "expectedSupplyDuration": {
                        "code": "d", 
                        "system": "http://unitsofmeasure.org", 
                        "unit": "days", 
                        "value": 30
                    }, 
                    "numberOfRepeatsAllowed": 1, 
                    "quantity": {
                        "code": "{tablet}", 
                        "system": "http://unitsofmeasure.org", 
                        "unit": "{tablet}", 
                        "value": 30.0
                    }
                }, 
                "dosageInstruction": [
                    {
                        "doseQuantity": {
                            "code": "{tablet}", 
                            "system": "http://unitsofmeasure.org", 
                            "unit": "{tablet}", 
                            "value": 1.0
                        }, 
                        "text": "1 tab qd", 
                        "timing": {
                            "repeat": {
                                "boundsPeriod": {
                                    "start": "2014-03-19"
                                }, 
                                "frequency": 1, 
                                "period": 1, 
                                "periodUnit": "d"
                            }
                        }
                    }
                ], 
                "id": "smart-MedicationRequest-347", 
                "intent": "order", 
                "medicationCodeableConcept": {
                    "coding": [
                        {
                            "code": "352304", 
                            "display": "Zetia Tablet 10mg", 
                            "system": "http://www.nlm.nih.gov/research/umls/rxnorm"
                        }
                    ], 
                    "text": "Zetia Tablet 10mg"
                }, 
                "resourceType": "MedicationRequest", 
                "status": "active", 
                "subject": {
                    "reference": "Patient/smart-5555003"
                }, 
                "text": {
                    "div": "<div xmlns=\"http://www.w3.org/1999/xhtml\">Zetia Tablet 10mg (rxnorm: 352304)</div>", 
                    "status": "generated"
                }
            }
        }, 
        {
            "request": {
                "method": "PUT", 
                "url": "MedicationRequest/smart-MedicationRequest-348"
            }, 
            "resource": {
                "dispenseRequest": {
                    "expectedSupplyDuration": {
                        "code": "d", 
                        "system": "http://unitsofmeasure.org", 
                        "unit": "days", 
                        "value": 30
                    }, 
                    "numberOfRepeatsAllowed": 1, 
                    "quantity": {
                        "code": "{tablet}", 
                        "system": "http://unitsofmeasure.org", 
                        "unit": "{tablet}", 
                        "value": 30.0
                    }
                }, 
                "dosageInstruction": [
                    {
                        "doseQuantity": {
                            "code": "{tablet}", 
                            "system": "http://unitsofmeasure.org", 
                            "unit": "{tablet}", 
                            "value": 1.0
                        }, 
                        "text": "1 tab qhs", 
                        "timing": {
                            "repeat": {
                                "boundsPeriod": {
                                    "end": "2014-03-19", 
                                    "start": "2014-02-01"
                                }, 
                                "frequency": 1, 
                                "period": 1, 
                                "periodUnit": "d"
                            }
                        }
                    }
                ], 
                "id": "smart-MedicationRequest-348", 
                "intent": "order", 
                "medicationCodeableConcept": {
                    "coding": [
                        {
                            "code": "859749", 
                            "display": "Crestor Tablet 10mg", 
                            "system": "http://www.nlm.nih.gov/research/umls/rxnorm"
                        }
                    ], 
                    "text": "Crestor Tablet 10mg"
                }, 
                "resourceType": "MedicationRequest", 
                "status": "completed", 
                "subject": {
                    "reference": "Patient/smart-5555003"
                }, 
                "text": {
                    "div": "<div xmlns=\"http://www.w3.org/1999/xhtml\">Crestor Tablet 10mg (rxnorm: 859749)</div>", 
                    "status": "generated"
                }
            }
        }, 
        {
            "request": {
                "method": "PUT", 
                "url": "MedicationRequest/smart-MedicationRequest-349"
            }, 
            "resource": {
                "dispenseRequest": {
                    "expectedSupplyDuration": {
                        "code": "d", 
                        "system": "http://unitsofmeasure.org", 
                        "unit": "days", 
                        "value": 30
                    }, 
                    "numberOfRepeatsAllowed": 1, 
                    "quantity": {
                        "code": "{tablet}", 
                        "system": "http://unitsofmeasure.org", 
                        "unit": "{tablet}", 
                        "value": 60.0
                    }
                }, 
                "dosageInstruction": [
                    {
                        "doseQuantity": {
                            "code": "{tablet}", 
                            "system": "http://unitsofmeasure.org", 
                            "unit": "{tablet}", 
                            "value": 2.0
                        }, 
                        "text": "2 caps qd", 
                        "timing": {
                            "repeat": {
                                "boundsPeriod": {
                                    "start": "2012-04-12"
                                }, 
                                "frequency": 1, 
                                "period": 1, 
                                "periodUnit": "d"
                            }
                        }
                    }
                ], 
                "id": "smart-MedicationRequest-349", 
                "intent": "order", 
                "medicationCodeableConcept": {
                    "coding": [
                        {
                            "code": "577208", 
                            "display": "Fish Oil Capsule 1000mg", 
                            "system": "http://www.nlm.nih.gov/research/umls/rxnorm"
                        }
                    ], 
                    "text": "Fish Oil Capsule 1000mg"
                }, 
                "resourceType": "MedicationRequest", 
                "status": "active", 
                "subject": {
                    "reference": "Patient/smart-5555003"
                }, 
                "text": {
                    "div": "<div xmlns=\"http://www.w3.org/1999/xhtml\">Fish Oil Capsule 1000mg (rxnorm: 577208)</div>", 
                    "status": "generated"
                }
            }
        }, 
        {
            "request": {
                "method": "PUT", 
                "url": "MedicationRequest/smart-MedicationRequest-350"
            }, 
            "resource": {
                "dispenseRequest": {
                    "expectedSupplyDuration": {
                        "code": "d", 
                        "system": "http://unitsofmeasure.org", 
                        "unit": "days", 
                        "value": 30
                    }, 
                    "numberOfRepeatsAllowed": 1, 
                    "quantity": {
                        "code": "tsp", 
                        "system": "http://unitsofmeasure.org", 
                        "unit": "tsp", 
                        "value": 1.0
                    }
                }, 
                "dosageInstruction": [
                    {
                        "doseQuantity": {
                            "code": "tsp", 
                            "system": "http://unitsofmeasure.org", 
                            "unit": "tsp", 
                            "value": 1.0
                        }, 
                        "text": "1 tsp. tid", 
                        "timing": {
                            "repeat": {
                                "boundsPeriod": {
                                    "start": "2011-09-11"
                                }, 
                                "frequency": 3, 
                                "period": 1, 
                                "periodUnit": "d"
                            }
                        }
                    }
                ], 
                "id": "smart-MedicationRequest-350", 
                "intent": "order", 
                "medicationCodeableConcept": {
                    "coding": [
                        {
                            "code": "880853", 
                            "display": "Metamucil Sugar-Free", 
                            "system": "http://www.nlm.nih.gov/research/umls/rxnorm"
                        }
                    ], 
                    "text": "Metamucil Sugar-Free"
                }, 
                "resourceType": "MedicationRequest", 
                "status": "active", 
                "subject": {
                    "reference": "Patient/smart-5555003"
                }, 
                "text": {
                    "div": "<div xmlns=\"http://www.w3.org/1999/xhtml\">Metamucil Sugar-Free (rxnorm: 880853)</div>", 
                    "status": "generated"
                }
            }
        }, 
        {
            "request": {
                "method": "PUT", 
                "url": "MedicationRequest/smart-MedicationRequest-351"
            }, 
            "resource": {
                "dispenseRequest": {
                    "expectedSupplyDuration": {
                        "code": "d", 
                        "system": "http://unitsofmeasure.org", 
                        "unit": "days", 
                        "value": 30
                    }, 
                    "numberOfRepeatsAllowed": 1, 
                    "quantity": {
                        "code": "{tablet}", 
                        "system": "http://unitsofmeasure.org", 
                        "unit": "{tablet}", 
                        "value": 30.0
                    }
                }, 
                "dosageInstruction": [
                    {
                        "doseQuantity": {
                            "code": "{tablet}", 
                            "system": "http://unitsofmeasure.org", 
                            "unit": "{tablet}", 
                            "value": 1.0
                        }, 
                        "text": "1 cap qd", 
                        "timing": {
                            "repeat": {
                                "boundsPeriod": {
                                    "start": "2015-01-03"
                                }, 
                                "frequency": 1, 
                                "period": 1, 
                                "periodUnit": "d"
                            }
                        }
                    }
                ], 
                "id": "smart-MedicationRequest-351", 
                "intent": "order", 
                "medicationCodeableConcept": {
                    "coding": [
                        {
                            "code": "240029", 
                            "display": "Vitamin D3 Capsule 5000 iu", 
                            "system": "http://www.nlm.nih.gov/research/umls/rxnorm"
                        }
                    ], 
                    "text": "Vitamin D3 Capsule 5000 iu"
                }, 
                "resourceType": "MedicationRequest", 
                "status": "active", 
                "subject": {
                    "reference": "Patient/smart-5555003"
                }, 
                "text": {
                    "div": "<div xmlns=\"http://www.w3.org/1999/xhtml\">Vitamin D3 Capsule 5000 iu (rxnorm: 240029)</div>", 
                    "status": "generated"
                }
            }
        }, 
        {
            "request": {
                "method": "PUT", 
                "url": "MedicationRequest/smart-MedicationRequest-352"
            }, 
            "resource": {
                "dispenseRequest": {
                    "expectedSupplyDuration": {
                        "code": "d", 
                        "system": "http://unitsofmeasure.org", 
                        "unit": "days", 
                        "value": 84
                    }, 
                    "numberOfRepeatsAllowed": 1, 
                    "quantity": {
                        "code": "{tablet}", 
                        "system": "http://unitsofmeasure.org", 
                        "unit": "{tablet}", 
                        "value": 12.0
                    }
                }, 
                "dosageInstruction": [
                    {
                        "doseQuantity": {
                            "code": "{tablet}", 
                            "system": "http://unitsofmeasure.org", 
                            "unit": "{tablet}", 
                            "value": 1.0
                        }, 
                        "text": "1 cap once a week", 
                        "timing": {
                            "repeat": {
                                "boundsPeriod": {
                                    "end": "2014-12-23", 
                                    "start": "2014-09-05"
                                }, 
                                "frequency": 1, 
                                "period": 1, 
                                "periodUnit": "wk"
                            }
                        }
                    }
                ], 
                "id": "smart-MedicationRequest-352", 
                "intent": "order", 
                "medicationCodeableConcept": {
                    "coding": [
                        {
                            "code": "1367410", 
                            "display": "Ergocalciferol Capsule 50,000 iu", 
                            "system": "http://www.nlm.nih.gov/research/umls/rxnorm"
                        }
                    ], 
                    "text": "Ergocalciferol Capsule 50,000 iu"
                }, 
                "resourceType": "MedicationRequest", 
                "status": "completed", 
                "subject": {
                    "reference": "Patient/smart-5555003"
                }, 
                "text": {
                    "div": "<div xmlns=\"http://www.w3.org/1999/xhtml\">Ergocalciferol Capsule 50,000 iu (rxnorm: 1367410)</div>", 
                    "status": "generated"
                }
            }
        }
    ], 
    "resourceType": "Bundle", 
    "type": "transaction"
}
