{
    "entry": [
        {
            "request": {
                "method": "PUT", 
                "url": "Condition/smart-Condition-138"
            }, 
            "resource": {
                "clinicalStatus": "active", 
                "code": {
                    "coding": [
                        {
                            "code": "197275004", 
                            "display": "Subacute hepatic failure", 
                            "system": "http://snomed.info/sct"
                        }
                    ], 
                    "text": "Subacute hepatic failure"
                }, 
                "id": "smart-Condition-138", 
                "onsetDateTime": "2008-10-02", 
                "resourceType": "Condition", 
                "subject": {
                    "reference": "Patient/smart-665677"
                }, 
                "text": {
                    "div": "<div xmlns=\"http://www.w3.org/1999/xhtml\">Subacute hepatic failure</div>", 
                    "status": "generated"
                }, 
                "verificationStatus": "confirmed"
            }
        }, 
        {
            "request": {
                "method": "PUT", 
                "url": "Condition/smart-Condition-139"
            }, 
            "resource": {
                "clinicalStatus": "active", 
                "code": {
                    "coding": [
                        {
                            "code": "78667006", 
                            "display": "Dysthymia", 
                            "system": "http://snomed.info/sct"
                        }
                    ], 
                    "text": "Dysthymia"
                }, 
                "id": "smart-Condition-139", 
                "onsetDateTime": "2008-11-13", 
                "resourceType": "Condition", 
                "subject": {
                    "reference": "Patient/smart-665677"
                }, 
                "text": {
                    "div": "<div xmlns=\"http://www.w3.org/1999/xhtml\">Dysthymia</div>", 
                    "status": "generated"
                }, 
                "verificationStatus": "confirmed"
            }
        }, 
        {
            "request": {
                "method": "PUT", 
                "url": "Procedure/smart-Procedure-7"
            }, 
            "resource": {
                "code": {
                    "coding": [
                        {
                            "code": "302497006", 
                            "display": "Hemodialysis", 
                            "system": "http://snomed.info/sct"
                        }
                    ], 
                    "text": "Hemodialysis"
                }, 
                "id": "smart-Procedure-7", 
                "performedDateTime": "2008-02-17", 
                "resourceType": "Procedure", 
                "status": "completed", 
                "subject": {
                    "reference": "Patient/smart-665677"
                }, 
                "text": {
                    "div": "<div xmlns=\"http://www.w3.org/1999/xhtml\">Hemodialysis</div>", 
                    "status": "generated"
                }
            }
        }, 
        {
            "request": {
                "method": "PUT", 
                "url": "Procedure/smart-Procedure-8"
            }, 
            "resource": {
                "code": {
                    "coding": [
                        {
                            "code": "390735007", 
                            "display": "Retinal screening", 
                            "system": "http://snomed.info/sct"
                        }
                    ], 
                    "text": "Retinal screening"
                }, 
                "id": "smart-Procedure-8", 
                "performedDateTime": "2007-11-21", 
                "resourceType": "Procedure", 
                "status": "completed", 
                "subject": {
                    "reference": "Patient/smart-665677"
                }, 
                "text": {
                    "div": "<div xmlns=\"http://www.w3.org/1999/xhtml\">Retinal screening</div>", 
                    "status": "generated"
                }
            }
        }, 
        {
            "request": {
                "method": "PUT", 
                "url": "Procedure/smart-Procedure-9"
            }, 
            "resource": {
                "code": {
                    "coding": [
                        {
                            "code": "410455004", 
                            "display": "Slit lamp fundus examination", 
                            "system": "http://snomed.info/sct"
                        }
                    ], 
                    "text": "Slit lamp fundus examination"
                }, 
                "id": "smart-Procedure-9", 
                "performedDateTime": "2007-11-21", 
                "resourceType": "Procedure", 
                "status": "completed", 
                "subject": {
                    "reference": "Patient/smart-665677"
                }, 
                "text": {
                    "div": "<div xmlns=\"http://www.w3.org/1999/xhtml\">Slit lamp fundus examination</div>", 
                    "status": "generated"
                }
            }
        }, 
        {
            "request": {
                "method": "PUT", 
                "url": "Procedure/smart-Procedure-10"
            }, 
            "resource": {
                "code": {
                    "coding": [
                        {
                            "code": "401191002", 
                            "display": "Diabetic foot examination", 
                            "system": "http://snomed.info/sct"
                        }
                    ], 
                    "text": "Diabetic foot examination"
                }, 
                "id": "smart-Procedure-10", 
                "performedDateTime": "2007-10-08", 
                "resourceType": "Procedure", 
                "status": "completed", 
                "subject": {
                    "reference": "Patient/smart-665677"
                }, 
                "text": {
                    "div": "<div xmlns=\"http://www.w3.org/1999/xhtml\">Diabetic foot examination</div>", 
                    "status": "generated"
                }
            }
        }, 
        {
            "request": {
                "method": "PUT", 
                "url": "Observation/smart-smokingstatus-12"
            }, 
            "resource": {
                "category": [
                    {
                        "coding": [
                            {
                                "code": "social-history", 
                                "display": "Social History", 
                                "system": "http://hl7.org/fhir/observation-category"
                            }
                        ], 
                        "text": "Social History"
                    }
                ], 
                "code": {
                    "coding": [
                        {
                            "code": "72166-2", 
                            "display": "Tobacco smoking status", 
                            "system": "http://loinc.org"
                        }
                    ], 
                    "text": "Tobacco smoking status"
                }, 
                "effectiveDateTime": "2016-06-17", 
                "id": "smart-smokingstatus-12", 
                "identifier": [
                    {
                        "system": "http://www.bmc.nl/zorgportal/identifiers/observations", 
                        "use": "official", 
                        "value": "smart-12"
                    }
                ], 
                "performer": [
                    {
                        "reference": "Practitioner/smart-Practitioner-72080416"
                    }
                ], 
                "resourceType": "Observation", 
                "status": "final", 
                "subject": {
                    "reference": "Patient/smart-665677"
                }, 
                "text": {
                    "div": "<div xmlns=\"http://www.w3.org/1999/xhtml\">Tobacco smoking status: Current every day smoker</div>", 
                    "status": "generated"
                }, 
                "valueCodeableConcept": {
                    "coding": [
                        {
                            "code": "449868002", 
                            "display": "Current every day smoker", 
                            "system": "http://snomed.info/sct"
                        }
                    ], 
                    "text": "Current every day smoker"
                }
            }
        }, 
        {
            "request": {
                "method": "PUT", 
                "url": "AllergyIntolerance/smart-AllergyIntolerance-7"
            }, 
            "resource": {
                "assertedDate": "2000", 
                "clinicalStatus": "active", 
                "code": {
                    "coding": [
                        {
                            "code": "716186003", 
                            "display": "No known allergies", 
                            "system": "http://snomed.info/sct"
                        }
                    ], 
                    "text": "No known allergies"
                }, 
                "id": "smart-AllergyIntolerance-7", 
                "patient": {
                    "reference": "Patient/smart-665677"
                }, 
                "resourceType": "AllergyIntolerance", 
                "text": {
                    "div": "<div xmlns=\"http://www.w3.org/1999/xhtml\">No known allergies</div>", 
                    "status": "generated"
                }, 
                "verificationStatus": "confirmed"
            }
        }
    ], 
    "resourceType": "Bundle", 
    "type": "transaction"
}
