{
    "entry": [
        {
            "request": {
                "method": "PUT", 
                "url": "Patient/smart-7777702"
            }, 
            "resource": {
                "active": true, 
                "birthDate": "2008-10-01", 
                "gender": "female", 
                "generalPractitioner": [
                    {
                        "reference": "Practitioner/smart-Practitioner-72080416"
                    }
                ], 
                "id": "smart-7777702", 
                "identifier": [
                    {
                        "system": "http://hospital.smarthealthit.org", 
                        "type": {
                            "coding": [
                                {
                                    "code": "MR", 
                                    "display": "Medical Record Number", 
                                    "system": "http://hl7.org/fhir/v2/0203"
                                }
                            ], 
                            "text": "Medical Record Number"
                        }, 
                        "use": "official", 
                        "value": "smart-7777702"
                    }
                ], 
                "name": [
                    {
                        "family": "Warren", 
                        "given": [
                            "Yolanda"
                        ], 
                        "use": "official"
                    }
                ], 
                "resourceType": "Patient", 
                "text": {
                    "div": "<div xmlns=\"http://www.w3.org/1999/xhtml\">Yolanda Warren</div>", 
                    "status": "generated"
                }
            }
        }, 
        {
            "request": {
                "method": "PUT", 
                "url": "Encounter/smart-984"
            }, 
            "resource": {
                "class": {
                    "code": "ambulatory"
                }, 
                "id": "smart-984", 
                "period": {
                    "end": "2010-10-04", 
                    "start": "2010-10-04"
                }, 
                "resourceType": "Encounter", 
                "status": "finished", 
                "subject": {
                    "reference": "Patient/smart-7777702"
                }, 
                "text": {
                    "div": "<div xmlns=\"http://www.w3.org/1999/xhtml\">2010-10-04: ambulatory encounter</div>", 
                    "status": "generated"
                }, 
                "type": [
                    {
                        "coding": [
                            {
                                "code": "270427003", 
                                "display": "Patient-initiated encounter", 
                                "system": "http://snomed.info"
                            }
                        ], 
                        "text": "Patient-initiated ambulatory encounter"
                    }
                ]
            }
        }, 
        {
            "request": {
                "method": "PUT", 
                "url": "Encounter/smart-985"
            }, 
            "resource": {
                "class": {
                    "code": "ambulatory"
                }, 
                "id": "smart-985", 
                "period": {
                    "end": "2010-11-10", 
                    "start": "2010-11-10"
                }, 
                "resourceType": "Encounter", 
                "status": "finished", 
                "subject": {
                    "reference": "Patient/smart-7777702"
                }, 
                "text": {
                    "div": "<div xmlns=\"http://www.w3.org/1999/xhtml\">2010-11-10: ambulatory encounter</div>", 
                    "status": "generated"
                }, 
                "type": [
                    {
                        "coding": [
                            {
                                "code": "270427003", 
                                "display": "Patient-initiated encounter", 
                                "system": "http://snomed.info"
                            }
                        ], 
                        "text": "Patient-initiated ambulatory encounter"
                    }
                ]
            }
        }, 
        {
            "request": {
                "method": "PUT", 
                "url": "Encounter/smart-986"
            }, 
            "resource": {
                "class": {
                    "code": "ambulatory"
                }, 
                "id": "smart-986", 
                "period": {
                    "end": "2011-04-05", 
                    "start": "2011-04-05"
                }, 
                "resourceType": "Encounter", 
                "status": "finished", 
                "subject": {
                    "reference": "Patient/smart-7777702"
                }, 
                "text": {
                    "div": "<div xmlns=\"http://www.w3.org/1999/xhtml\">2011-04-05: ambulatory encounter</div>", 
                    "status": "generated"
                }, 
                "type": [
                    {
                        "coding": [
                            {
                                "code": "270427003", 
                                "display": "Patient-initiated encounter", 
                                "system": "http://snomed.info"
                            }
                        ], 
                        "text": "Patient-initiated ambulatory encounter"
                    }
                ]
            }
        }, 
        {
            "request": {
                "method": "PUT", 
                "url": "Encounter/smart-987"
            }, 
            "resource": {
                "class": {
                    "code": "ambulatory"
                }, 
                "id": "smart-987", 
                "period": {
                    "end": "2011-05-11", 
                    "start": "2011-05-11"
                }, 
                "resourceType": "Encounter", 
                "status": "finished", 
                "subject": {
                    "reference": "Patient/smart-7777702"
                }, 
                "text": {
                    "div": "<div xmlns=\"http://www.w3.org/1999/xhtml\">2011-05-11: ambulatory encounter</div>", 
                    "status": "generated"
                }, 
                "type": [
                    {
                        "coding": [
                            {
                                "code": "270427003", 
                                "display": "Patient-initiated encounter", 
                                "system": "http://snomed.info"
                            }
                        ], 
                        "text": "Patient-initiated ambulatory encounter"
                    }
                ]
            }
        }, 
        {
            "request": {
                "method": "PUT", 
                "url": "Encounter/smart-988"
            }, 
            "resource": {
                "class": {
                    "code": "ambulatory"
                }, 
                "id": "smart-988", 
                "period": {
                    "end": "2011-06-17", 
                    "start": "2011-06-17"
                }, 
                "resourceType": "Encounter", 
                "status": "finished", 
                "subject": {
                    "reference": "Patient/smart-7777702"
                }, 
                "text": {
                    "div": "<div xmlns=\"http://www.w3.org/1999/xhtml\">2011-06-17: ambulatory encounter</div>", 
                    "status": "generated"
                }, 
                "type": [
                    {
                        "coding": [
                            {
                                "code": "270427003", 
                                "display": "Patient-initiated encounter", 
                                "system": "http://snomed.info"
                            }
                        ], 
                        "text": "Patient-initiated ambulatory encounter"
                    }
                ]
            }
        }, 
        {
            "request": {
                "method": "PUT", 
                "url": "Encounter/smart-989"
            }, 
            "resource": {
                "class": {
                    "code": "ambulatory"
                }, 
                "id": "smart-989", 
                "period": {
                    "end": "2011-07-23", 
                    "start": "2011-07-23"
                }, 
                "resourceType": "Encounter", 
                "status": "finished", 
                "subject": {
                    "reference": "Patient/smart-7777702"
                }, 
                "text": {
                    "div": "<div xmlns=\"http://www.w3.org/1999/xhtml\">2011-07-23: ambulatory encounter</div>", 
                    "status": "generated"
                }, 
                "type": [
                    {
                        "coding": [
                            {
                                "code": "270427003", 
                                "display": "Patient-initiated encounter", 
                                "system": "http://snomed.info"
                            }
                        ], 
                        "text": "Patient-initiated ambulatory encounter"
                    }
                ]
            }
        }, 
        {
            "request": {
                "method": "PUT", 
                "url": "Encounter/smart-990"
            }, 
            "resource": {
                "class": {
                    "code": "ambulatory"
                }, 
                "id": "smart-990", 
                "period": {
                    "end": "2011-08-29", 
                    "start": "2011-08-29"
                }, 
                "resourceType": "Encounter", 
                "status": "finished", 
                "subject": {
                    "reference": "Patient/smart-7777702"
                }, 
                "text": {
                    "div": "<div xmlns=\"http://www.w3.org/1999/xhtml\">2011-08-29: ambulatory encounter</div>", 
                    "status": "generated"
                }, 
                "type": [
                    {
                        "coding": [
                            {
                                "code": "270427003", 
                                "display": "Patient-initiated encounter", 
                                "system": "http://snomed.info"
                            }
                        ], 
                        "text": "Patient-initiated ambulatory encounter"
                    }
                ]
            }
        }, 
        {
            "request": {
                "method": "PUT", 
                "url": "Encounter/smart-991"
            }, 
            "resource": {
                "class": {
                    "code": "ambulatory"
                }, 
                "id": "smart-991", 
                "period": {
                    "end": "2011-10-04", 
                    "start": "2011-10-04"
                }, 
                "resourceType": "Encounter", 
                "status": "finished", 
                "subject": {
                    "reference": "Patient/smart-7777702"
                }, 
                "text": {
                    "div": "<div xmlns=\"http://www.w3.org/1999/xhtml\">2011-10-04: ambulatory encounter</div>", 
                    "status": "generated"
                }, 
                "type": [
                    {
                        "coding": [
                            {
                                "code": "270427003", 
                                "display": "Patient-initiated encounter", 
                                "system": "http://snomed.info"
                            }
                        ], 
                        "text": "Patient-initiated ambulatory encounter"
                    }
                ]
            }
        }, 
        {
            "request": {
                "method": "PUT", 
                "url": "Encounter/smart-992"
            }, 
            "resource": {
                "class": {
                    "code": "ambulatory"
                }, 
                "id": "smart-992", 
                "period": {
                    "end": "2011-11-10", 
                    "start": "2011-11-10"
                }, 
                "resourceType": "Encounter", 
                "status": "finished", 
                "subject": {
                    "reference": "Patient/smart-7777702"
                }, 
                "text": {
                    "div": "<div xmlns=\"http://www.w3.org/1999/xhtml\">2011-11-10: ambulatory encounter</div>", 
                    "status": "generated"
                }, 
                "type": [
                    {
                        "coding": [
                            {
                                "code": "270427003", 
                                "display": "Patient-initiated encounter", 
                                "system": "http://snomed.info"
                            }
                        ], 
                        "text": "Patient-initiated ambulatory encounter"
                    }
                ]
            }
        }, 
        {
            "request": {
                "method": "PUT", 
                "url": "Encounter/smart-993"
            }, 
            "resource": {
                "class": {
                    "code": "ambulatory"
                }, 
                "id": "smart-993", 
                "period": {
                    "end": "2011-12-16", 
                    "start": "2011-12-16"
                }, 
                "resourceType": "Encounter", 
                "status": "finished", 
                "subject": {
                    "reference": "Patient/smart-7777702"
                }, 
                "text": {
                    "div": "<div xmlns=\"http://www.w3.org/1999/xhtml\">2011-12-16: ambulatory encounter</div>", 
                    "status": "generated"
                }, 
                "type": [
                    {
                        "coding": [
                            {
                                "code": "270427003", 
                                "display": "Patient-initiated encounter", 
                                "system": "http://snomed.info"
                            }
                        ], 
                        "text": "Patient-initiated ambulatory encounter"
                    }
                ]
            }
        }, 
        {
            "request": {
                "method": "PUT", 
                "url": "Encounter/smart-994"
            }, 
            "resource": {
                "class": {
                    "code": "ambulatory"
                }, 
                "id": "smart-994", 
                "period": {
                    "end": "2012-05-10", 
                    "start": "2012-05-10"
                }, 
                "resourceType": "Encounter", 
                "status": "finished", 
                "subject": {
                    "reference": "Patient/smart-7777702"
                }, 
                "text": {
                    "div": "<div xmlns=\"http://www.w3.org/1999/xhtml\">2012-05-10: ambulatory encounter</div>", 
                    "status": "generated"
                }, 
                "type": [
                    {
                        "coding": [
                            {
                                "code": "270427003", 
                                "display": "Patient-initiated encounter", 
                                "system": "http://snomed.info"
                            }
                        ], 
                        "text": "Patient-initiated ambulatory encounter"
                    }
                ]
            }
        }, 
        {
            "request": {
                "method": "PUT", 
                "url": "Encounter/smart-995"
            }, 
            "resource": {
                "class": {
                    "code": "ambulatory"
                }, 
                "id": "smart-995", 
                "period": {
                    "end": "2012-10-03", 
                    "start": "2012-10-03"
                }, 
                "resourceType": "Encounter", 
                "status": "finished", 
                "subject": {
                    "reference": "Patient/smart-7777702"
                }, 
                "text": {
                    "div": "<div xmlns=\"http://www.w3.org/1999/xhtml\">2012-10-03: ambulatory encounter</div>", 
                    "status": "generated"
                }, 
                "type": [
                    {
                        "coding": [
                            {
                                "code": "270427003", 
                                "display": "Patient-initiated encounter", 
                                "system": "http://snomed.info"
                            }
                        ], 
                        "text": "Patient-initiated ambulatory encounter"
                    }
                ]
            }
        }, 
        {
            "request": {
                "method": "PUT", 
                "url": "Encounter/smart-996"
            }, 
            "resource": {
                "class": {
                    "code": "ambulatory"
                }, 
                "id": "smart-996", 
                "period": {
                    "end": "2013-02-26", 
                    "start": "2013-02-26"
                }, 
                "resourceType": "Encounter", 
                "status": "finished", 
                "subject": {
                    "reference": "Patient/smart-7777702"
                }, 
                "text": {
                    "div": "<div xmlns=\"http://www.w3.org/1999/xhtml\">2013-02-26: ambulatory encounter</div>", 
                    "status": "generated"
                }, 
                "type": [
                    {
                        "coding": [
                            {
                                "code": "270427003", 
                                "display": "Patient-initiated encounter", 
                                "system": "http://snomed.info"
                            }
                        ], 
                        "text": "Patient-initiated ambulatory encounter"
                    }
                ]
            }
        }, 
        {
            "request": {
                "method": "PUT", 
                "url": "Observation/smart-1552-height"
            }, 
            "resource": {
                "category": [
                    {
                        "coding": [
                            {
                                "code": "vital-signs", 
                                "display": "Vital Signs", 
                                "system": "http://hl7.org/fhir/observation-category"
                            }
                        ], 
                        "text": "Vital Signs"
                    }
                ], 
                "code": {
                    "coding": [
                        {
                            "code": "8302-2", 
                            "display": "height", 
                            "system": "http://loinc.org"
                        }
                    ], 
                    "text": "height"
                }, 
                "context": {
                    "reference": "Encounter/smart-984"
                }, 
                "effectiveDateTime": "2010-10-04", 
                "id": "smart-1552-height", 
                "identifier": [
                    {
                        "system": "http://www.bmc.nl/zorgportal/identifiers/observations", 
                        "use": "official", 
                        "value": "smart-1552-height"
                    }
                ], 
                "performer": [
                    {
                        "reference": "Practitioner/smart-Practitioner-72080416"
                    }
                ], 
                "resourceType": "Observation", 
                "status": "unknown", 
                "subject": {
                    "reference": "Patient/smart-7777702"
                }, 
                "text": {
                    "div": "<div xmlns=\"http://www.w3.org/1999/xhtml\">2010-10-04: height = 127.8 cm</div>", 
                    "status": "generated"
                }, 
                "valueQuantity": {
                    "code": "cm", 
                    "system": "http://unitsofmeasure.org", 
                    "unit": "cm", 
                    "value": 127.8
                }
            }
        }, 
        {
            "request": {
                "method": "PUT", 
                "url": "Observation/smart-1553-weight"
            }, 
            "resource": {
                "category": [
                    {
                        "coding": [
                            {
                                "code": "vital-signs", 
                                "display": "Vital Signs", 
                                "system": "http://hl7.org/fhir/observation-category"
                            }
                        ], 
                        "text": "Vital Signs"
                    }
                ], 
                "code": {
                    "coding": [
                        {
                            "code": "3141-9", 
                            "display": "weight", 
                            "system": "http://loinc.org"
                        }
                    ], 
                    "text": "weight"
                }, 
                "context": {
                    "reference": "Encounter/smart-984"
                }, 
                "effectiveDateTime": "2010-10-04", 
                "id": "smart-1553-weight", 
                "identifier": [
                    {
                        "system": "http://www.bmc.nl/zorgportal/identifiers/observations", 
                        "use": "official", 
                        "value": "smart-1553-weight"
                    }
                ], 
                "performer": [
                    {
                        "reference": "Practitioner/smart-Practitioner-72080416"
                    }
                ], 
                "resourceType": "Observation", 
                "status": "unknown", 
                "subject": {
                    "reference": "Patient/smart-7777702"
                }, 
                "text": {
                    "div": "<div xmlns=\"http://www.w3.org/1999/xhtml\">2010-10-04: weight = 54.5 kg</div>", 
                    "status": "generated"
                }, 
                "valueQuantity": {
                    "code": "kg", 
                    "system": "http://unitsofmeasure.org", 
                    "unit": "kg", 
                    "value": 54.5
                }
            }
        }, 
        {
            "request": {
                "method": "PUT", 
                "url": "Observation/smart-1554-height"
            }, 
            "resource": {
                "category": [
                    {
                        "coding": [
                            {
                                "code": "vital-signs", 
                                "display": "Vital Signs", 
                                "system": "http://hl7.org/fhir/observation-category"
                            }
                        ], 
                        "text": "Vital Signs"
                    }
                ], 
                "code": {
                    "coding": [
                        {
                            "code": "8302-2", 
                            "display": "height", 
                            "system": "http://loinc.org"
                        }
                    ], 
                    "text": "height"
                }, 
                "context": {
                    "reference": "Encounter/smart-985"
                }, 
                "effectiveDateTime": "2010-11-10", 
                "id": "smart-1554-height", 
                "identifier": [
                    {
                        "system": "http://www.bmc.nl/zorgportal/identifiers/observations", 
                        "use": "official", 
                        "value": "smart-1554-height"
                    }
                ], 
                "performer": [
                    {
                        "reference": "Practitioner/smart-Practitioner-72080416"
                    }
                ], 
                "resourceType": "Observation", 
                "status": "unknown", 
                "subject": {
                    "reference": "Patient/smart-7777702"
                }, 
                "text": {
                    "div": "<div xmlns=\"http://www.w3.org/1999/xhtml\">2010-11-10: height = 175.7 cm</div>", 
                    "status": "generated"
                }, 
                "valueQuantity": {
                    "code": "cm", 
                    "system": "http://unitsofmeasure.org", 
                    "unit": "cm", 
                    "value": 175.7
                }
            }
        }, 
        {
            "request": {
                "method": "PUT", 
                "url": "Observation/smart-1555-weight"
            }, 
            "resource": {
                "category": [
                    {
                        "coding": [
                            {
                                "code": "vital-signs", 
                                "display": "Vital Signs", 
                                "system": "http://hl7.org/fhir/observation-category"
                            }
                        ], 
                        "text": "Vital Signs"
                    }
                ], 
                "code": {
                    "coding": [
                        {
                            "code": "3141-9", 
                            "display": "weight", 
                            "system": "http://loinc.org"
                        }
                    ], 
                    "text": "weight"
                }, 
                "context": {
                    "reference": "Encounter/smart-985"
                }, 
                "effectiveDateTime": "2010-11-10", 
                "id": "smart-1555-weight", 
                "identifier": [
                    {
                        "system": "http://www.bmc.nl/zorgportal/identifiers/observations", 
                        "use": "official", 
                        "value": "smart-1555-weight"
                    }
                ], 
                "performer": [
                    {
                        "reference": "Practitioner/smart-Practitioner-72080416"
                    }
                ], 
                "resourceType": "Observation", 
                "status": "unknown", 
                "subject": {
                    "reference": "Patient/smart-7777702"
                }, 
                "text": {
                    "div": "<div xmlns=\"http://www.w3.org/1999/xhtml\">2010-11-10: weight = 73.5 kg</div>", 
                    "status": "generated"
                }, 
                "valueQuantity": {
                    "code": "kg", 
                    "system": "http://unitsofmeasure.org", 
                    "unit": "kg", 
                    "value": 73.5
                }
            }
        }, 
        {
            "request": {
                "method": "PUT", 
                "url": "Observation/smart-1556-height"
            }, 
            "resource": {
                "category": [
                    {
                        "coding": [
                            {
                                "code": "vital-signs", 
                                "display": "Vital Signs", 
                                "system": "http://hl7.org/fhir/observation-category"
                            }
                        ], 
                        "text": "Vital Signs"
                    }
                ], 
                "code": {
                    "coding": [
                        {
                            "code": "8302-2", 
                            "display": "height", 
                            "system": "http://loinc.org"
                        }
                    ], 
                    "text": "height"
                }, 
                "context": {
                    "reference": "Encounter/smart-986"
                }, 
                "effectiveDateTime": "2011-04-05", 
                "id": "smart-1556-height", 
                "identifier": [
                    {
                        "system": "http://www.bmc.nl/zorgportal/identifiers/observations", 
                        "use": "official", 
                        "value": "smart-1556-height"
                    }
                ], 
                "performer": [
                    {
                        "reference": "Practitioner/smart-Practitioner-72080416"
                    }
                ], 
                "resourceType": "Observation", 
                "status": "unknown", 
                "subject": {
                    "reference": "Patient/smart-7777702"
                }, 
                "text": {
                    "div": "<div xmlns=\"http://www.w3.org/1999/xhtml\">2011-04-05: height = 127.3 cm</div>", 
                    "status": "generated"
                }, 
                "valueQuantity": {
                    "code": "cm", 
                    "system": "http://unitsofmeasure.org", 
                    "unit": "cm", 
                    "value": 127.3
                }
            }
        }, 
        {
            "request": {
                "method": "PUT", 
                "url": "Observation/smart-1557-weight"
            }, 
            "resource": {
                "category": [
                    {
                        "coding": [
                            {
                                "code": "vital-signs", 
                                "display": "Vital Signs", 
                                "system": "http://hl7.org/fhir/observation-category"
                            }
                        ], 
                        "text": "Vital Signs"
                    }
                ], 
                "code": {
                    "coding": [
                        {
                            "code": "3141-9", 
                            "display": "weight", 
                            "system": "http://loinc.org"
                        }
                    ], 
                    "text": "weight"
                }, 
                "context": {
                    "reference": "Encounter/smart-986"
                }, 
                "effectiveDateTime": "2011-04-05", 
                "id": "smart-1557-weight", 
                "identifier": [
                    {
                        "system": "http://www.bmc.nl/zorgportal/identifiers/observations", 
                        "use": "official", 
                        "value": "smart-1557-weight"
                    }
                ], 
                "performer": [
                    {
                        "reference": "Practitioner/smart-Practitioner-72080416"
                    }
                ], 
                "resourceType": "Observation", 
                "status": "unknown", 
                "subject": {
                    "reference": "Patient/smart-7777702"
                }, 
                "text": {
                    "div": "<div xmlns=\"http://www.w3.org/1999/xhtml\">2011-04-05: weight = 90.0 kg</div>", 
                    "status": "generated"
                }, 
                "valueQuantity": {
                    "code": "kg", 
                    "system": "http://unitsofmeasure.org", 
                    "unit": "kg", 
                    "value": 90.0
                }
            }
        }, 
        {
            "request": {
                "method": "PUT", 
                "url": "Observation/smart-1558-height"
            }, 
            "resource": {
                "category": [
                    {
                        "coding": [
                            {
                                "code": "vital-signs", 
                                "display": "Vital Signs", 
                                "system": "http://hl7.org/fhir/observation-category"
                            }
                        ], 
                        "text": "Vital Signs"
                    }
                ], 
                "code": {
                    "coding": [
                        {
                            "code": "8302-2", 
                            "display": "height", 
                            "system": "http://loinc.org"
                        }
                    ], 
                    "text": "height"
                }, 
                "context": {
                    "reference": "Encounter/smart-987"
                }, 
                "effectiveDateTime": "2011-05-11", 
                "id": "smart-1558-height", 
                "identifier": [
                    {
                        "system": "http://www.bmc.nl/zorgportal/identifiers/observations", 
                        "use": "official", 
                        "value": "smart-1558-height"
                    }
                ], 
                "performer": [
                    {
                        "reference": "Practitioner/smart-Practitioner-72080416"
                    }
                ], 
                "resourceType": "Observation", 
                "status": "unknown", 
                "subject": {
                    "reference": "Patient/smart-7777702"
                }, 
                "text": {
                    "div": "<div xmlns=\"http://www.w3.org/1999/xhtml\">2011-05-11: height = 158.5 cm</div>", 
                    "status": "generated"
                }, 
                "valueQuantity": {
                    "code": "cm", 
                    "system": "http://unitsofmeasure.org", 
                    "unit": "cm", 
                    "value": 158.5
                }
            }
        }, 
        {
            "request": {
                "method": "PUT", 
                "url": "Observation/smart-1559-weight"
            }, 
            "resource": {
                "category": [
                    {
                        "coding": [
                            {
                                "code": "vital-signs", 
                                "display": "Vital Signs", 
                                "system": "http://hl7.org/fhir/observation-category"
                            }
                        ], 
                        "text": "Vital Signs"
                    }
                ], 
                "code": {
                    "coding": [
                        {
                            "code": "3141-9", 
                            "display": "weight", 
                            "system": "http://loinc.org"
                        }
                    ], 
                    "text": "weight"
                }, 
                "context": {
                    "reference": "Encounter/smart-987"
                }, 
                "effectiveDateTime": "2011-05-11", 
                "id": "smart-1559-weight", 
                "identifier": [
                    {
                        "system": "http://www.bmc.nl/zorgportal/identifiers/observations", 
                        "use": "official", 
                        "value": "smart-1559-weight"
                    }
                ], 
                "performer": [
                    {
                        "reference": "Practitioner/smart-Practitioner-72080416"
                    }
                ], 
                "resourceType": "Observation", 
                "status": "unknown", 
                "subject": {
                    "reference": "Patient/smart-7777702"
                }, 
                "text": {
                    "div": "<div xmlns=\"http://www.w3.org/1999/xhtml\">2011-05-11: weight = 93.5 kg</div>", 
                    "status": "generated"
                }, 
                "valueQuantity": {
                    "code": "kg", 
                    "system": "http://unitsofmeasure.org", 
                    "unit": "kg", 
                    "value": 93.5
                }
            }
        }, 
        {
            "request": {
                "method": "PUT", 
                "url": "Observation/smart-1560-height"
            }, 
            "resource": {
                "category": [
                    {
                        "coding": [
                            {
                                "code": "vital-signs", 
                                "display": "Vital Signs", 
                                "system": "http://hl7.org/fhir/observation-category"
                            }
                        ], 
                        "text": "Vital Signs"
                    }
                ], 
                "code": {
                    "coding": [
                        {
                            "code": "8302-2", 
                            "display": "height", 
                            "system": "http://loinc.org"
                        }
                    ], 
                    "text": "height"
                }, 
                "context": {
                    "reference": "Encounter/smart-988"
                }, 
                "effectiveDateTime": "2011-06-17", 
                "id": "smart-1560-height", 
                "identifier": [
                    {
                        "system": "http://www.bmc.nl/zorgportal/identifiers/observations", 
                        "use": "official", 
                        "value": "smart-1560-height"
                    }
                ], 
                "performer": [
                    {
                        "reference": "Practitioner/smart-Practitioner-72080416"
                    }
                ], 
                "resourceType": "Observation", 
                "status": "unknown", 
                "subject": {
                    "reference": "Patient/smart-7777702"
                }, 
                "text": {
                    "div": "<div xmlns=\"http://www.w3.org/1999/xhtml\">2011-06-17: height = 157.1 cm</div>", 
                    "status": "generated"
                }, 
                "valueQuantity": {
                    "code": "cm", 
                    "system": "http://unitsofmeasure.org", 
                    "unit": "cm", 
                    "value": 157.1
                }
            }
        }, 
        {
            "request": {
                "method": "PUT", 
                "url": "Observation/smart-1561-weight"
            }, 
            "resource": {
                "category": [
                    {
                        "coding": [
                            {
                                "code": "vital-signs", 
                                "display": "Vital Signs", 
                                "system": "http://hl7.org/fhir/observation-category"
                            }
                        ], 
                        "text": "Vital Signs"
                    }
                ], 
                "code": {
                    "coding": [
                        {
                            "code": "3141-9", 
                            "display": "weight", 
                            "system": "http://loinc.org"
                        }
                    ], 
                    "text": "weight"
                }, 
                "context": {
                    "reference": "Encounter/smart-988"
                }, 
                "effectiveDateTime": "2011-06-17", 
                "id": "smart-1561-weight", 
                "identifier": [
                    {
                        "system": "http://www.bmc.nl/zorgportal/identifiers/observations", 
                        "use": "official", 
                        "value": "smart-1561-weight"
                    }
                ], 
                "performer": [
                    {
                        "reference": "Practitioner/smart-Practitioner-72080416"
                    }
                ], 
                "resourceType": "Observation", 
                "status": "unknown", 
                "subject": {
                    "reference": "Patient/smart-7777702"
                }, 
                "text": {
                    "div": "<div xmlns=\"http://www.w3.org/1999/xhtml\">2011-06-17: weight = 112.3 kg</div>", 
                    "status": "generated"
                }, 
                "valueQuantity": {
                    "code": "kg", 
                    "system": "http://unitsofmeasure.org", 
                    "unit": "kg", 
                    "value": 112.3
                }
            }
        }, 
        {
            "request": {
                "method": "PUT", 
                "url": "Observation/smart-1562-height"
            }, 
            "resource": {
                "category": [
                    {
                        "coding": [
                            {
                                "code": "vital-signs", 
                                "display": "Vital Signs", 
                                "system": "http://hl7.org/fhir/observation-category"
                            }
                        ], 
                        "text": "Vital Signs"
                    }
                ], 
                "code": {
                    "coding": [
                        {
                            "code": "8302-2", 
                            "display": "height", 
                            "system": "http://loinc.org"
                        }
                    ], 
                    "text": "height"
                }, 
                "context": {
                    "reference": "Encounter/smart-989"
                }, 
                "effectiveDateTime": "2011-07-23", 
                "id": "smart-1562-height", 
                "identifier": [
                    {
                        "system": "http://www.bmc.nl/zorgportal/identifiers/observations", 
                        "use": "official", 
                        "value": "smart-1562-height"
                    }
                ], 
                "performer": [
                    {
                        "reference": "Practitioner/smart-Practitioner-72080416"
                    }
                ], 
                "resourceType": "Observation", 
                "status": "unknown", 
                "subject": {
                    "reference": "Patient/smart-7777702"
                }, 
                "text": {
                    "div": "<div xmlns=\"http://www.w3.org/1999/xhtml\">2011-07-23: height = 148.5 cm</div>", 
                    "status": "generated"
                }, 
                "valueQuantity": {
                    "code": "cm", 
                    "system": "http://unitsofmeasure.org", 
                    "unit": "cm", 
                    "value": 148.5
                }
            }
        }, 
        {
            "request": {
                "method": "PUT", 
                "url": "Observation/smart-1563-weight"
            }, 
            "resource": {
                "category": [
                    {
                        "coding": [
                            {
                                "code": "vital-signs", 
                                "display": "Vital Signs", 
                                "system": "http://hl7.org/fhir/observation-category"
                            }
                        ], 
                        "text": "Vital Signs"
                    }
                ], 
                "code": {
                    "coding": [
                        {
                            "code": "3141-9", 
                            "display": "weight", 
                            "system": "http://loinc.org"
                        }
                    ], 
                    "text": "weight"
                }, 
                "context": {
                    "reference": "Encounter/smart-989"
                }, 
                "effectiveDateTime": "2011-07-23", 
                "id": "smart-1563-weight", 
                "identifier": [
                    {
                        "system": "http://www.bmc.nl/zorgportal/identifiers/observations", 
                        "use": "official", 
                        "value": "smart-1563-weight"
                    }
                ], 
                "performer": [
                    {
                        "reference": "Practitioner/smart-Practitioner-72080416"
                    }
                ], 
                "resourceType": "Observation", 
                "status": "unknown", 
                "subject": {
                    "reference": "Patient/smart-7777702"
                }, 
                "text": {
                    "div": "<div xmlns=\"http://www.w3.org/1999/xhtml\">2011-07-23: weight = 66.5 kg</div>", 
                    "status": "generated"
                }, 
                "valueQuantity": {
                    "code": "kg", 
                    "system": "http://unitsofmeasure.org", 
                    "unit": "kg", 
                    "value": 66.5
                }
            }
        }, 
        {
            "request": {
                "method": "PUT", 
                "url": "Observation/smart-1564-height"
            }, 
            "resource": {
                "category": [
                    {
                        "coding": [
                            {
                                "code": "vital-signs", 
                                "display": "Vital Signs", 
                                "system": "http://hl7.org/fhir/observation-category"
                            }
                        ], 
                        "text": "Vital Signs"
                    }
                ], 
                "code": {
                    "coding": [
                        {
                            "code": "8302-2", 
                            "display": "height", 
                            "system": "http://loinc.org"
                        }
                    ], 
                    "text": "height"
                }, 
                "context": {
                    "reference": "Encounter/smart-990"
                }, 
                "effectiveDateTime": "2011-08-29", 
                "id": "smart-1564-height", 
                "identifier": [
                    {
                        "system": "http://www.bmc.nl/zorgportal/identifiers/observations", 
                        "use": "official", 
                        "value": "smart-1564-height"
                    }
                ], 
                "performer": [
                    {
                        "reference": "Practitioner/smart-Practitioner-72080416"
                    }
                ], 
                "resourceType": "Observation", 
                "status": "unknown", 
                "subject": {
                    "reference": "Patient/smart-7777702"
                }, 
                "text": {
                    "div": "<div xmlns=\"http://www.w3.org/1999/xhtml\">2011-08-29: height = 156.8 cm</div>", 
                    "status": "generated"
                }, 
                "valueQuantity": {
                    "code": "cm", 
                    "system": "http://unitsofmeasure.org", 
                    "unit": "cm", 
                    "value": 156.8
                }
            }
        }, 
        {
            "request": {
                "method": "PUT", 
                "url": "Observation/smart-1565-weight"
            }, 
            "resource": {
                "category": [
                    {
                        "coding": [
                            {
                                "code": "vital-signs", 
                                "display": "Vital Signs", 
                                "system": "http://hl7.org/fhir/observation-category"
                            }
                        ], 
                        "text": "Vital Signs"
                    }
                ], 
                "code": {
                    "coding": [
                        {
                            "code": "3141-9", 
                            "display": "weight", 
                            "system": "http://loinc.org"
                        }
                    ], 
                    "text": "weight"
                }, 
                "context": {
                    "reference": "Encounter/smart-990"
                }, 
                "effectiveDateTime": "2011-08-29", 
                "id": "smart-1565-weight", 
                "identifier": [
                    {
                        "system": "http://www.bmc.nl/zorgportal/identifiers/observations", 
                        "use": "official", 
                        "value": "smart-1565-weight"
                    }
                ], 
                "performer": [
                    {
                        "reference": "Practitioner/smart-Practitioner-72080416"
                    }
                ], 
                "resourceType": "Observation", 
                "status": "unknown", 
                "subject": {
                    "reference": "Patient/smart-7777702"
                }, 
                "text": {
                    "div": "<div xmlns=\"http://www.w3.org/1999/xhtml\">2011-08-29: weight = 93.9 kg</div>", 
                    "status": "generated"
                }, 
                "valueQuantity": {
                    "code": "kg", 
                    "system": "http://unitsofmeasure.org", 
                    "unit": "kg", 
                    "value": 93.9
                }
            }
        }, 
        {
            "request": {
                "method": "PUT", 
                "url": "Observation/smart-1566-height"
            }, 
            "resource": {
                "category": [
                    {
                        "coding": [
                            {
                                "code": "vital-signs", 
                                "display": "Vital Signs", 
                                "system": "http://hl7.org/fhir/observation-category"
                            }
                        ], 
                        "text": "Vital Signs"
                    }
                ], 
                "code": {
                    "coding": [
                        {
                            "code": "8302-2", 
                            "display": "height", 
                            "system": "http://loinc.org"
                        }
                    ], 
                    "text": "height"
                }, 
                "context": {
                    "reference": "Encounter/smart-991"
                }, 
                "effectiveDateTime": "2011-10-04", 
                "id": "smart-1566-height", 
                "identifier": [
                    {
                        "system": "http://www.bmc.nl/zorgportal/identifiers/observations", 
                        "use": "official", 
                        "value": "smart-1566-height"
                    }
                ], 
                "performer": [
                    {
                        "reference": "Practitioner/smart-Practitioner-72080416"
                    }
                ], 
                "resourceType": "Observation", 
                "status": "unknown", 
                "subject": {
                    "reference": "Patient/smart-7777702"
                }, 
                "text": {
                    "div": "<div xmlns=\"http://www.w3.org/1999/xhtml\">2011-10-04: height = 173.4 cm</div>", 
                    "status": "generated"
                }, 
                "valueQuantity": {
                    "code": "cm", 
                    "system": "http://unitsofmeasure.org", 
                    "unit": "cm", 
                    "value": 173.4
                }
            }
        }, 
        {
            "request": {
                "method": "PUT", 
                "url": "Observation/smart-1567-weight"
            }, 
            "resource": {
                "category": [
                    {
                        "coding": [
                            {
                                "code": "vital-signs", 
                                "display": "Vital Signs", 
                                "system": "http://hl7.org/fhir/observation-category"
                            }
                        ], 
                        "text": "Vital Signs"
                    }
                ], 
                "code": {
                    "coding": [
                        {
                            "code": "3141-9", 
                            "display": "weight", 
                            "system": "http://loinc.org"
                        }
                    ], 
                    "text": "weight"
                }, 
                "context": {
                    "reference": "Encounter/smart-991"
                }, 
                "effectiveDateTime": "2011-10-04", 
                "id": "smart-1567-weight", 
                "identifier": [
                    {
                        "system": "http://www.bmc.nl/zorgportal/identifiers/observations", 
                        "use": "official", 
                        "value": "smart-1567-weight"
                    }
                ], 
                "performer": [
                    {
                        "reference": "Practitioner/smart-Practitioner-72080416"
                    }
                ], 
                "resourceType": "Observation", 
                "status": "unknown", 
                "subject": {
                    "reference": "Patient/smart-7777702"
                }, 
                "text": {
                    "div": "<div xmlns=\"http://www.w3.org/1999/xhtml\">2011-10-04: weight = 68.0 kg</div>", 
                    "status": "generated"
                }, 
                "valueQuantity": {
                    "code": "kg", 
                    "system": "http://unitsofmeasure.org", 
                    "unit": "kg", 
                    "value": 68.0
                }
            }
        }, 
        {
            "request": {
                "method": "PUT", 
                "url": "Observation/smart-1568-height"
            }, 
            "resource": {
                "category": [
                    {
                        "coding": [
                            {
                                "code": "vital-signs", 
                                "display": "Vital Signs", 
                                "system": "http://hl7.org/fhir/observation-category"
                            }
                        ], 
                        "text": "Vital Signs"
                    }
                ], 
                "code": {
                    "coding": [
                        {
                            "code": "8302-2", 
                            "display": "height", 
                            "system": "http://loinc.org"
                        }
                    ], 
                    "text": "height"
                }, 
                "context": {
                    "reference": "Encounter/smart-992"
                }, 
                "effectiveDateTime": "2011-11-10", 
                "id": "smart-1568-height", 
                "identifier": [
                    {
                        "system": "http://www.bmc.nl/zorgportal/identifiers/observations", 
                        "use": "official", 
                        "value": "smart-1568-height"
                    }
                ], 
                "performer": [
                    {
                        "reference": "Practitioner/smart-Practitioner-72080416"
                    }
                ], 
                "resourceType": "Observation", 
                "status": "unknown", 
                "subject": {
                    "reference": "Patient/smart-7777702"
                }, 
                "text": {
                    "div": "<div xmlns=\"http://www.w3.org/1999/xhtml\">2011-11-10: height = 160.5 cm</div>", 
                    "status": "generated"
                }, 
                "valueQuantity": {
                    "code": "cm", 
                    "system": "http://unitsofmeasure.org", 
                    "unit": "cm", 
                    "value": 160.5
                }
            }
        }, 
        {
            "request": {
                "method": "PUT", 
                "url": "Observation/smart-1569-weight"
            }, 
            "resource": {
                "category": [
                    {
                        "coding": [
                            {
                                "code": "vital-signs", 
                                "display": "Vital Signs", 
                                "system": "http://hl7.org/fhir/observation-category"
                            }
                        ], 
                        "text": "Vital Signs"
                    }
                ], 
                "code": {
                    "coding": [
                        {
                            "code": "3141-9", 
                            "display": "weight", 
                            "system": "http://loinc.org"
                        }
                    ], 
                    "text": "weight"
                }, 
                "context": {
                    "reference": "Encounter/smart-992"
                }, 
                "effectiveDateTime": "2011-11-10", 
                "id": "smart-1569-weight", 
                "identifier": [
                    {
                        "system": "http://www.bmc.nl/zorgportal/identifiers/observations", 
                        "use": "official", 
                        "value": "smart-1569-weight"
                    }
                ], 
                "performer": [
                    {
                        "reference": "Practitioner/smart-Practitioner-72080416"
                    }
                ], 
                "resourceType": "Observation", 
                "status": "unknown", 
                "subject": {
                    "reference": "Patient/smart-7777702"
                }, 
                "text": {
                    "div": "<div xmlns=\"http://www.w3.org/1999/xhtml\">2011-11-10: weight = 135.1 kg</div>", 
                    "status": "generated"
                }, 
                "valueQuantity": {
                    "code": "kg", 
                    "system": "http://unitsofmeasure.org", 
                    "unit": "kg", 
                    "value": 135.1
                }
            }
        }, 
        {
            "request": {
                "method": "PUT", 
                "url": "Observation/smart-1570-height"
            }, 
            "resource": {
                "category": [
                    {
                        "coding": [
                            {
                                "code": "vital-signs", 
                                "display": "Vital Signs", 
                                "system": "http://hl7.org/fhir/observation-category"
                            }
                        ], 
                        "text": "Vital Signs"
                    }
                ], 
                "code": {
                    "coding": [
                        {
                            "code": "8302-2", 
                            "display": "height", 
                            "system": "http://loinc.org"
                        }
                    ], 
                    "text": "height"
                }, 
                "context": {
                    "reference": "Encounter/smart-993"
                }, 
                "effectiveDateTime": "2011-12-16", 
                "id": "smart-1570-height", 
                "identifier": [
                    {
                        "system": "http://www.bmc.nl/zorgportal/identifiers/observations", 
                        "use": "official", 
                        "value": "smart-1570-height"
                    }
                ], 
                "performer": [
                    {
                        "reference": "Practitioner/smart-Practitioner-72080416"
                    }
                ], 
                "resourceType": "Observation", 
                "status": "unknown", 
                "subject": {
                    "reference": "Patient/smart-7777702"
                }, 
                "text": {
                    "div": "<div xmlns=\"http://www.w3.org/1999/xhtml\">2011-12-16: height = 187.4 cm</div>", 
                    "status": "generated"
                }, 
                "valueQuantity": {
                    "code": "cm", 
                    "system": "http://unitsofmeasure.org", 
                    "unit": "cm", 
                    "value": 187.4
                }
            }
        }, 
        {
            "request": {
                "method": "PUT", 
                "url": "Observation/smart-1571-weight"
            }, 
            "resource": {
                "category": [
                    {
                        "coding": [
                            {
                                "code": "vital-signs", 
                                "display": "Vital Signs", 
                                "system": "http://hl7.org/fhir/observation-category"
                            }
                        ], 
                        "text": "Vital Signs"
                    }
                ], 
                "code": {
                    "coding": [
                        {
                            "code": "3141-9", 
                            "display": "weight", 
                            "system": "http://loinc.org"
                        }
                    ], 
                    "text": "weight"
                }, 
                "context": {
                    "reference": "Encounter/smart-993"
                }, 
                "effectiveDateTime": "2011-12-16", 
                "id": "smart-1571-weight", 
                "identifier": [
                    {
                        "system": "http://www.bmc.nl/zorgportal/identifiers/observations", 
                        "use": "official", 
                        "value": "smart-1571-weight"
                    }
                ], 
                "performer": [
                    {
                        "reference": "Practitioner/smart-Practitioner-72080416"
                    }
                ], 
                "resourceType": "Observation", 
                "status": "unknown", 
                "subject": {
                    "reference": "Patient/smart-7777702"
                }, 
                "text": {
                    "div": "<div xmlns=\"http://www.w3.org/1999/xhtml\">2011-12-16: weight = 63.1 kg</div>", 
                    "status": "generated"
                }, 
                "valueQuantity": {
                    "code": "kg", 
                    "system": "http://unitsofmeasure.org", 
                    "unit": "kg", 
                    "value": 63.1
                }
            }
        }, 
        {
            "request": {
                "method": "PUT", 
                "url": "Observation/smart-1572-height"
            }, 
            "resource": {
                "category": [
                    {
                        "coding": [
                            {
                                "code": "vital-signs", 
                                "display": "Vital Signs", 
                                "system": "http://hl7.org/fhir/observation-category"
                            }
                        ], 
                        "text": "Vital Signs"
                    }
                ], 
                "code": {
                    "coding": [
                        {
                            "code": "8302-2", 
                            "display": "height", 
                            "system": "http://loinc.org"
                        }
                    ], 
                    "text": "height"
                }, 
                "context": {
                    "reference": "Encounter/smart-994"
                }, 
                "effectiveDateTime": "2012-05-10", 
                "id": "smart-1572-height", 
                "identifier": [
                    {
                        "system": "http://www.bmc.nl/zorgportal/identifiers/observations", 
                        "use": "official", 
                        "value": "smart-1572-height"
                    }
                ], 
                "performer": [
                    {
                        "reference": "Practitioner/smart-Practitioner-72080416"
                    }
                ], 
                "resourceType": "Observation", 
                "status": "unknown", 
                "subject": {
                    "reference": "Patient/smart-7777702"
                }, 
                "text": {
                    "div": "<div xmlns=\"http://www.w3.org/1999/xhtml\">2012-05-10: height = 167.3 cm</div>", 
                    "status": "generated"
                }, 
                "valueQuantity": {
                    "code": "cm", 
                    "system": "http://unitsofmeasure.org", 
                    "unit": "cm", 
                    "value": 167.3
                }
            }
        }, 
        {
            "request": {
                "method": "PUT", 
                "url": "Observation/smart-1573-weight"
            }, 
            "resource": {
                "category": [
                    {
                        "coding": [
                            {
                                "code": "vital-signs", 
                                "display": "Vital Signs", 
                                "system": "http://hl7.org/fhir/observation-category"
                            }
                        ], 
                        "text": "Vital Signs"
                    }
                ], 
                "code": {
                    "coding": [
                        {
                            "code": "3141-9", 
                            "display": "weight", 
                            "system": "http://loinc.org"
                        }
                    ], 
                    "text": "weight"
                }, 
                "context": {
                    "reference": "Encounter/smart-994"
                }, 
                "effectiveDateTime": "2012-05-10", 
                "id": "smart-1573-weight", 
                "identifier": [
                    {
                        "system": "http://www.bmc.nl/zorgportal/identifiers/observations", 
                        "use": "official", 
                        "value": "smart-1573-weight"
                    }
                ], 
                "performer": [
                    {
                        "reference": "Practitioner/smart-Practitioner-72080416"
                    }
                ], 
                "resourceType": "Observation", 
                "status": "unknown", 
                "subject": {
                    "reference": "Patient/smart-7777702"
                }, 
                "text": {
                    "div": "<div xmlns=\"http://www.w3.org/1999/xhtml\">2012-05-10: weight = 112.7 kg</div>", 
                    "status": "generated"
                }, 
                "valueQuantity": {
                    "code": "kg", 
                    "system": "http://unitsofmeasure.org", 
                    "unit": "kg", 
                    "value": 112.7
                }
            }
        }, 
        {
            "request": {
                "method": "PUT", 
                "url": "Observation/smart-1574-height"
            }, 
            "resource": {
                "category": [
                    {
                        "coding": [
                            {
                                "code": "vital-signs", 
                                "display": "Vital Signs", 
                                "system": "http://hl7.org/fhir/observation-category"
                            }
                        ], 
                        "text": "Vital Signs"
                    }
                ], 
                "code": {
                    "coding": [
                        {
                            "code": "8302-2", 
                            "display": "height", 
                            "system": "http://loinc.org"
                        }
                    ], 
                    "text": "height"
                }, 
                "context": {
                    "reference": "Encounter/smart-995"
                }, 
                "effectiveDateTime": "2012-10-03", 
                "id": "smart-1574-height", 
                "identifier": [
                    {
                        "system": "http://www.bmc.nl/zorgportal/identifiers/observations", 
                        "use": "official", 
                        "value": "smart-1574-height"
                    }
                ], 
                "performer": [
                    {
                        "reference": "Practitioner/smart-Practitioner-72080416"
                    }
                ], 
                "resourceType": "Observation", 
                "status": "unknown", 
                "subject": {
                    "reference": "Patient/smart-7777702"
                }, 
                "text": {
                    "div": "<div xmlns=\"http://www.w3.org/1999/xhtml\">2012-10-03: height = 116.0 cm</div>", 
                    "status": "generated"
                }, 
                "valueQuantity": {
                    "code": "cm", 
                    "system": "http://unitsofmeasure.org", 
                    "unit": "cm", 
                    "value": 116.0
                }
            }
        }, 
        {
            "request": {
                "method": "PUT", 
                "url": "Observation/smart-1575-weight"
            }, 
            "resource": {
                "category": [
                    {
                        "coding": [
                            {
                                "code": "vital-signs", 
                                "display": "Vital Signs", 
                                "system": "http://hl7.org/fhir/observation-category"
                            }
                        ], 
                        "text": "Vital Signs"
                    }
                ], 
                "code": {
                    "coding": [
                        {
                            "code": "3141-9", 
                            "display": "weight", 
                            "system": "http://loinc.org"
                        }
                    ], 
                    "text": "weight"
                }, 
                "context": {
                    "reference": "Encounter/smart-995"
                }, 
                "effectiveDateTime": "2012-10-03", 
                "id": "smart-1575-weight", 
                "identifier": [
                    {
                        "system": "http://www.bmc.nl/zorgportal/identifiers/observations", 
                        "use": "official", 
                        "value": "smart-1575-weight"
                    }
                ], 
                "performer": [
                    {
                        "reference": "Practitioner/smart-Practitioner-72080416"
                    }
                ], 
                "resourceType": "Observation", 
                "status": "unknown", 
                "subject": {
                    "reference": "Patient/smart-7777702"
                }, 
                "text": {
                    "div": "<div xmlns=\"http://www.w3.org/1999/xhtml\">2012-10-03: weight = 94.0 kg</div>", 
                    "status": "generated"
                }, 
                "valueQuantity": {
                    "code": "kg", 
                    "system": "http://unitsofmeasure.org", 
                    "unit": "kg", 
                    "value": 94.0
                }
            }
        }, 
        {
            "request": {
                "method": "PUT", 
                "url": "Observation/smart-1576-height"
            }, 
            "resource": {
                "category": [
                    {
                        "coding": [
                            {
                                "code": "vital-signs", 
                                "display": "Vital Signs", 
                                "system": "http://hl7.org/fhir/observation-category"
                            }
                        ], 
                        "text": "Vital Signs"
                    }
                ], 
                "code": {
                    "coding": [
                        {
                            "code": "8302-2", 
                            "display": "height", 
                            "system": "http://loinc.org"
                        }
                    ], 
                    "text": "height"
                }, 
                "context": {
                    "reference": "Encounter/smart-996"
                }, 
                "effectiveDateTime": "2013-02-26", 
                "id": "smart-1576-height", 
                "identifier": [
                    {
                        "system": "http://www.bmc.nl/zorgportal/identifiers/observations", 
                        "use": "official", 
                        "value": "smart-1576-height"
                    }
                ], 
                "performer": [
                    {
                        "reference": "Practitioner/smart-Practitioner-72080416"
                    }
                ], 
                "resourceType": "Observation", 
                "status": "unknown", 
                "subject": {
                    "reference": "Patient/smart-7777702"
                }, 
                "text": {
                    "div": "<div xmlns=\"http://www.w3.org/1999/xhtml\">2013-02-26: height = 173.1 cm</div>", 
                    "status": "generated"
                }, 
                "valueQuantity": {
                    "code": "cm", 
                    "system": "http://unitsofmeasure.org", 
                    "unit": "cm", 
                    "value": 173.1
                }
            }
        }, 
        {
            "request": {
                "method": "PUT", 
                "url": "Observation/smart-1577-weight"
            }, 
            "resource": {
                "category": [
                    {
                        "coding": [
                            {
                                "code": "vital-signs", 
                                "display": "Vital Signs", 
                                "system": "http://hl7.org/fhir/observation-category"
                            }
                        ], 
                        "text": "Vital Signs"
                    }
                ], 
                "code": {
                    "coding": [
                        {
                            "code": "3141-9", 
                            "display": "weight", 
                            "system": "http://loinc.org"
                        }
                    ], 
                    "text": "weight"
                }, 
                "context": {
                    "reference": "Encounter/smart-996"
                }, 
                "effectiveDateTime": "2013-02-26", 
                "id": "smart-1577-weight", 
                "identifier": [
                    {
                        "system": "http://www.bmc.nl/zorgportal/identifiers/observations", 
                        "use": "official", 
                        "value": "smart-1577-weight"
                    }
                ], 
                "performer": [
                    {
                        "reference": "Practitioner/smart-Practitioner-72080416"
                    }
                ], 
                "resourceType": "Observation", 
                "status": "unknown", 
                "subject": {
                    "reference": "Patient/smart-7777702"
                }, 
                "text": {
                    "div": "<div xmlns=\"http://www.w3.org/1999/xhtml\">2013-02-26: weight = 130.2 kg</div>", 
                    "status": "generated"
                }, 
                "valueQuantity": {
                    "code": "kg", 
                    "system": "http://unitsofmeasure.org", 
                    "unit": "kg", 
                    "value": 130.2
                }
            }
        }, 
        {
            "request": {
                "method": "PUT", 
                "url": "FamilyMemberHistory/smart-FamilyMemberHistory-9"
            }, 
            "resource": {
                "extension": [
                    {
                        "url": "http://fhir-registry.smarthealthit.org/StructureDefinition/family-history#height", 
                        "valueQuantity": {
                            "code": "cm", 
                            "system": "http://unitsofmeasure.org", 
                            "unit": "centimeters", 
                            "value": 177.0
                        }
                    }
                ], 
                "id": "smart-FamilyMemberHistory-9", 
                "patient": {
                    "reference": "Patient/smart-7777702"
                }, 
                "relationship": {
                    "coding": [
                        {
                            "code": "FTH", 
                            "display": "father", 
                            "system": "http://hl7.org/fhir/v3/RoleCode"
                        }
                    ], 
                    "text": "Father"
                }, 
                "resourceType": "FamilyMemberHistory", 
                "status": "completed", 
                "text": {
                    "div": "<div xmlns=\"http://www.w3.org/1999/xhtml\">Data on patient's Father</div>", 
                    "status": "generated"
                }
            }
        }, 
        {
            "request": {
                "method": "PUT", 
                "url": "FamilyMemberHistory/smart-FamilyMemberHistory-10"
            }, 
            "resource": {
                "extension": [
                    {
                        "url": "http://fhir-registry.smarthealthit.org/StructureDefinition/family-history#height", 
                        "valueQuantity": {
                            "code": "cm", 
                            "system": "http://unitsofmeasure.org", 
                            "unit": "centimeters", 
                            "value": 164.5
                        }
                    }
                ], 
                "id": "smart-FamilyMemberHistory-10", 
                "patient": {
                    "reference": "Patient/smart-7777702"
                }, 
                "relationship": {
                    "coding": [
                        {
                            "code": "MTH", 
                            "display": "mother", 
                            "system": "http://hl7.org/fhir/v3/RoleCode"
                        }
                    ], 
                    "text": "Mother"
                }, 
                "resourceType": "FamilyMemberHistory", 
                "status": "completed", 
                "text": {
                    "div": "<div xmlns=\"http://www.w3.org/1999/xhtml\">Data on patient's Mother</div>", 
                    "status": "generated"
                }
            }
        }
    ], 
    "resourceType": "Bundle", 
    "type": "transaction"
}
