{
    "entry": [
        {
            "request": {
                "method": "PUT", 
                "url": "Patient/smart-7777705"
            }, 
            "resource": {
                "active": true, 
                "birthDate": "2012-08-24", 
                "gender": "female", 
                "generalPractitioner": [
                    {
                        "reference": "Practitioner/smart-Practitioner-71482713"
                    }
                ], 
                "id": "smart-7777705", 
                "identifier": [
                    {
                        "system": "http://hospital.smarthealthit.org", 
                        "type": {
                            "coding": [
                                {
                                    "code": "MR", 
                                    "display": "Medical Record Number", 
                                    "system": "http://hl7.org/fhir/v2/0203"
                                }
                            ], 
                            "text": "Medical Record Number"
                        }, 
                        "use": "official", 
                        "value": "smart-7777705"
                    }
                ], 
                "name": [
                    {
                        "family": "Montgomery", 
                        "given": [
                            "Angela"
                        ], 
                        "use": "official"
                    }
                ], 
                "resourceType": "Patient", 
                "text": {
                    "div": "<div xmlns=\"http://www.w3.org/1999/xhtml\">Angela Montgomery</div>", 
                    "status": "generated"
                }
            }
        }, 
        {
            "request": {
                "method": "PUT", 
                "url": "Observation/smart-7777705-gestage"
            }, 
            "resource": {
                "category": [
                    {
                        "coding": [
                            {
                                "code": "exam", 
                                "display": "Exam", 
                                "system": "http://hl7.org/fhir/observation-category"
                            }
                        ], 
                        "text": "Exam"
                    }
                ], 
                "code": {
                    "coding": [
                        {
                            "code": "18185-9", 
                            "display": "Gestational age at birth", 
                            "system": "http://loinc.org"
                        }
                    ], 
                    "text": "Gestational age at birth"
                }, 
                "effectiveDateTime": "2012-08-24", 
                "id": "smart-7777705-gestage", 
                "identifier": [
                    {
                        "system": "http://www.bmc.nl/zorgportal/identifiers/observations", 
                        "use": "official", 
                        "value": "smart-7777705-gestage"
                    }
                ], 
                "performer": [
                    {
                        "reference": "Practitioner/smart-Practitioner-71482713"
                    }
                ], 
                "resourceType": "Observation", 
                "status": "unknown", 
                "subject": {
                    "reference": "Patient/smart-7777705"
                }, 
                "text": {
                    "div": "<div xmlns=\"http://www.w3.org/1999/xhtml\">2012-08-24: Gestational age at birth = 25.2 weeks</div>", 
                    "status": "generated"
                }, 
                "valueQuantity": {
                    "code": "wk", 
                    "system": "http://unitsofmeasure.org", 
                    "unit": "weeks", 
                    "value": 25.2
                }
            }
        }, 
        {
            "request": {
                "method": "PUT", 
                "url": "Encounter/smart-1025"
            }, 
            "resource": {
                "class": {
                    "code": "ambulatory"
                }, 
                "id": "smart-1025", 
                "period": {
                    "end": "2012-08-24", 
                    "start": "2012-08-24"
                }, 
                "resourceType": "Encounter", 
                "status": "finished", 
                "subject": {
                    "reference": "Patient/smart-7777705"
                }, 
                "text": {
                    "div": "<div xmlns=\"http://www.w3.org/1999/xhtml\">2012-08-24: ambulatory encounter</div>", 
                    "status": "generated"
                }, 
                "type": [
                    {
                        "coding": [
                            {
                                "code": "270427003", 
                                "display": "Patient-initiated encounter", 
                                "system": "http://snomed.info"
                            }
                        ], 
                        "text": "Patient-initiated ambulatory encounter"
                    }
                ]
            }
        }, 
        {
            "request": {
                "method": "PUT", 
                "url": "Encounter/smart-1026"
            }, 
            "resource": {
                "class": {
                    "code": "ambulatory"
                }, 
                "id": "smart-1026", 
                "period": {
                    "end": "2012-12-02", 
                    "start": "2012-12-02"
                }, 
                "resourceType": "Encounter", 
                "status": "finished", 
                "subject": {
                    "reference": "Patient/smart-7777705"
                }, 
                "text": {
                    "div": "<div xmlns=\"http://www.w3.org/1999/xhtml\">2012-12-02: ambulatory encounter</div>", 
                    "status": "generated"
                }, 
                "type": [
                    {
                        "coding": [
                            {
                                "code": "270427003", 
                                "display": "Patient-initiated encounter", 
                                "system": "http://snomed.info"
                            }
                        ], 
                        "text": "Patient-initiated ambulatory encounter"
                    }
                ]
            }
        }, 
        {
            "request": {
                "method": "PUT", 
                "url": "Encounter/smart-1027"
            }, 
            "resource": {
                "class": {
                    "code": "ambulatory"
                }, 
                "id": "smart-1027", 
                "period": {
                    "end": "2012-12-08", 
                    "start": "2012-12-08"
                }, 
                "resourceType": "Encounter", 
                "status": "finished", 
                "subject": {
                    "reference": "Patient/smart-7777705"
                }, 
                "text": {
                    "div": "<div xmlns=\"http://www.w3.org/1999/xhtml\">2012-12-08: ambulatory encounter</div>", 
                    "status": "generated"
                }, 
                "type": [
                    {
                        "coding": [
                            {
                                "code": "270427003", 
                                "display": "Patient-initiated encounter", 
                                "system": "http://snomed.info"
                            }
                        ], 
                        "text": "Patient-initiated ambulatory encounter"
                    }
                ]
            }
        }, 
        {
            "request": {
                "method": "PUT", 
                "url": "Encounter/smart-1028"
            }, 
            "resource": {
                "class": {
                    "code": "ambulatory"
                }, 
                "id": "smart-1028", 
                "period": {
                    "end": "2012-12-15", 
                    "start": "2012-12-15"
                }, 
                "resourceType": "Encounter", 
                "status": "finished", 
                "subject": {
                    "reference": "Patient/smart-7777705"
                }, 
                "text": {
                    "div": "<div xmlns=\"http://www.w3.org/1999/xhtml\">2012-12-15: ambulatory encounter</div>", 
                    "status": "generated"
                }, 
                "type": [
                    {
                        "coding": [
                            {
                                "code": "270427003", 
                                "display": "Patient-initiated encounter", 
                                "system": "http://snomed.info"
                            }
                        ], 
                        "text": "Patient-initiated ambulatory encounter"
                    }
                ]
            }
        }, 
        {
            "request": {
                "method": "PUT", 
                "url": "Encounter/smart-1029"
            }, 
            "resource": {
                "class": {
                    "code": "ambulatory"
                }, 
                "id": "smart-1029", 
                "period": {
                    "end": "2012-12-30", 
                    "start": "2012-12-30"
                }, 
                "resourceType": "Encounter", 
                "status": "finished", 
                "subject": {
                    "reference": "Patient/smart-7777705"
                }, 
                "text": {
                    "div": "<div xmlns=\"http://www.w3.org/1999/xhtml\">2012-12-30: ambulatory encounter</div>", 
                    "status": "generated"
                }, 
                "type": [
                    {
                        "coding": [
                            {
                                "code": "270427003", 
                                "display": "Patient-initiated encounter", 
                                "system": "http://snomed.info"
                            }
                        ], 
                        "text": "Patient-initiated ambulatory encounter"
                    }
                ]
            }
        }, 
        {
            "request": {
                "method": "PUT", 
                "url": "Encounter/smart-1030"
            }, 
            "resource": {
                "class": {
                    "code": "ambulatory"
                }, 
                "id": "smart-1030", 
                "period": {
                    "end": "2013-01-08", 
                    "start": "2013-01-08"
                }, 
                "resourceType": "Encounter", 
                "status": "finished", 
                "subject": {
                    "reference": "Patient/smart-7777705"
                }, 
                "text": {
                    "div": "<div xmlns=\"http://www.w3.org/1999/xhtml\">2013-01-08: ambulatory encounter</div>", 
                    "status": "generated"
                }, 
                "type": [
                    {
                        "coding": [
                            {
                                "code": "270427003", 
                                "display": "Patient-initiated encounter", 
                                "system": "http://snomed.info"
                            }
                        ], 
                        "text": "Patient-initiated ambulatory encounter"
                    }
                ]
            }
        }, 
        {
            "request": {
                "method": "PUT", 
                "url": "Encounter/smart-1031"
            }, 
            "resource": {
                "class": {
                    "code": "ambulatory"
                }, 
                "id": "smart-1031", 
                "period": {
                    "end": "2013-01-14", 
                    "start": "2013-01-14"
                }, 
                "resourceType": "Encounter", 
                "status": "finished", 
                "subject": {
                    "reference": "Patient/smart-7777705"
                }, 
                "text": {
                    "div": "<div xmlns=\"http://www.w3.org/1999/xhtml\">2013-01-14: ambulatory encounter</div>", 
                    "status": "generated"
                }, 
                "type": [
                    {
                        "coding": [
                            {
                                "code": "270427003", 
                                "display": "Patient-initiated encounter", 
                                "system": "http://snomed.info"
                            }
                        ], 
                        "text": "Patient-initiated ambulatory encounter"
                    }
                ]
            }
        }, 
        {
            "request": {
                "method": "PUT", 
                "url": "Encounter/smart-1032"
            }, 
            "resource": {
                "class": {
                    "code": "ambulatory"
                }, 
                "id": "smart-1032", 
                "period": {
                    "end": "2013-01-23", 
                    "start": "2013-01-23"
                }, 
                "resourceType": "Encounter", 
                "status": "finished", 
                "subject": {
                    "reference": "Patient/smart-7777705"
                }, 
                "text": {
                    "div": "<div xmlns=\"http://www.w3.org/1999/xhtml\">2013-01-23: ambulatory encounter</div>", 
                    "status": "generated"
                }, 
                "type": [
                    {
                        "coding": [
                            {
                                "code": "270427003", 
                                "display": "Patient-initiated encounter", 
                                "system": "http://snomed.info"
                            }
                        ], 
                        "text": "Patient-initiated ambulatory encounter"
                    }
                ]
            }
        }, 
        {
            "request": {
                "method": "PUT", 
                "url": "Encounter/smart-1033"
            }, 
            "resource": {
                "class": {
                    "code": "ambulatory"
                }, 
                "id": "smart-1033", 
                "period": {
                    "end": "2013-01-29", 
                    "start": "2013-01-29"
                }, 
                "resourceType": "Encounter", 
                "status": "finished", 
                "subject": {
                    "reference": "Patient/smart-7777705"
                }, 
                "text": {
                    "div": "<div xmlns=\"http://www.w3.org/1999/xhtml\">2013-01-29: ambulatory encounter</div>", 
                    "status": "generated"
                }, 
                "type": [
                    {
                        "coding": [
                            {
                                "code": "270427003", 
                                "display": "Patient-initiated encounter", 
                                "system": "http://snomed.info"
                            }
                        ], 
                        "text": "Patient-initiated ambulatory encounter"
                    }
                ]
            }
        }, 
        {
            "request": {
                "method": "PUT", 
                "url": "Encounter/smart-1034"
            }, 
            "resource": {
                "class": {
                    "code": "ambulatory"
                }, 
                "id": "smart-1034", 
                "period": {
                    "end": "2013-02-19", 
                    "start": "2013-02-19"
                }, 
                "resourceType": "Encounter", 
                "status": "finished", 
                "subject": {
                    "reference": "Patient/smart-7777705"
                }, 
                "text": {
                    "div": "<div xmlns=\"http://www.w3.org/1999/xhtml\">2013-02-19: ambulatory encounter</div>", 
                    "status": "generated"
                }, 
                "type": [
                    {
                        "coding": [
                            {
                                "code": "270427003", 
                                "display": "Patient-initiated encounter", 
                                "system": "http://snomed.info"
                            }
                        ], 
                        "text": "Patient-initiated ambulatory encounter"
                    }
                ]
            }
        }, 
        {
            "request": {
                "method": "PUT", 
                "url": "Encounter/smart-1035"
            }, 
            "resource": {
                "class": {
                    "code": "ambulatory"
                }, 
                "id": "smart-1035", 
                "period": {
                    "end": "2013-02-21", 
                    "start": "2013-02-21"
                }, 
                "resourceType": "Encounter", 
                "status": "finished", 
                "subject": {
                    "reference": "Patient/smart-7777705"
                }, 
                "text": {
                    "div": "<div xmlns=\"http://www.w3.org/1999/xhtml\">2013-02-21: ambulatory encounter</div>", 
                    "status": "generated"
                }, 
                "type": [
                    {
                        "coding": [
                            {
                                "code": "270427003", 
                                "display": "Patient-initiated encounter", 
                                "system": "http://snomed.info"
                            }
                        ], 
                        "text": "Patient-initiated ambulatory encounter"
                    }
                ]
            }
        }, 
        {
            "request": {
                "method": "PUT", 
                "url": "Observation/smart-3426-height"
            }, 
            "resource": {
                "category": [
                    {
                        "coding": [
                            {
                                "code": "vital-signs", 
                                "display": "Vital Signs", 
                                "system": "http://hl7.org/fhir/observation-category"
                            }
                        ], 
                        "text": "Vital Signs"
                    }
                ], 
                "code": {
                    "coding": [
                        {
                            "code": "8302-2", 
                            "display": "height", 
                            "system": "http://loinc.org"
                        }
                    ], 
                    "text": "height"
                }, 
                "context": {
                    "reference": "Encounter/smart-1025"
                }, 
                "effectiveDateTime": "2012-08-24", 
                "id": "smart-3426-height", 
                "identifier": [
                    {
                        "system": "http://www.bmc.nl/zorgportal/identifiers/observations", 
                        "use": "official", 
                        "value": "smart-3426-height"
                    }
                ], 
                "performer": [
                    {
                        "reference": "Practitioner/smart-Practitioner-71482713"
                    }
                ], 
                "resourceType": "Observation", 
                "status": "unknown", 
                "subject": {
                    "reference": "Patient/smart-7777705"
                }, 
                "text": {
                    "div": "<div xmlns=\"http://www.w3.org/1999/xhtml\">2012-08-24: height = 176.9 cm</div>", 
                    "status": "generated"
                }, 
                "valueQuantity": {
                    "code": "cm", 
                    "system": "http://unitsofmeasure.org", 
                    "unit": "cm", 
                    "value": 176.9
                }
            }
        }, 
        {
            "request": {
                "method": "PUT", 
                "url": "Observation/smart-3427-weight"
            }, 
            "resource": {
                "category": [
                    {
                        "coding": [
                            {
                                "code": "vital-signs", 
                                "display": "Vital Signs", 
                                "system": "http://hl7.org/fhir/observation-category"
                            }
                        ], 
                        "text": "Vital Signs"
                    }
                ], 
                "code": {
                    "coding": [
                        {
                            "code": "3141-9", 
                            "display": "weight", 
                            "system": "http://loinc.org"
                        }
                    ], 
                    "text": "weight"
                }, 
                "context": {
                    "reference": "Encounter/smart-1025"
                }, 
                "effectiveDateTime": "2012-08-24", 
                "id": "smart-3427-weight", 
                "identifier": [
                    {
                        "system": "http://www.bmc.nl/zorgportal/identifiers/observations", 
                        "use": "official", 
                        "value": "smart-3427-weight"
                    }
                ], 
                "performer": [
                    {
                        "reference": "Practitioner/smart-Practitioner-71482713"
                    }
                ], 
                "resourceType": "Observation", 
                "status": "unknown", 
                "subject": {
                    "reference": "Patient/smart-7777705"
                }, 
                "text": {
                    "div": "<div xmlns=\"http://www.w3.org/1999/xhtml\">2012-08-24: weight = 106.1 kg</div>", 
                    "status": "generated"
                }, 
                "valueQuantity": {
                    "code": "kg", 
                    "system": "http://unitsofmeasure.org", 
                    "unit": "kg", 
                    "value": 106.1
                }
            }
        }, 
        {
            "request": {
                "method": "PUT", 
                "url": "Observation/smart-3428-height"
            }, 
            "resource": {
                "category": [
                    {
                        "coding": [
                            {
                                "code": "vital-signs", 
                                "display": "Vital Signs", 
                                "system": "http://hl7.org/fhir/observation-category"
                            }
                        ], 
                        "text": "Vital Signs"
                    }
                ], 
                "code": {
                    "coding": [
                        {
                            "code": "8302-2", 
                            "display": "height", 
                            "system": "http://loinc.org"
                        }
                    ], 
                    "text": "height"
                }, 
                "context": {
                    "reference": "Encounter/smart-1026"
                }, 
                "effectiveDateTime": "2012-12-02", 
                "id": "smart-3428-height", 
                "identifier": [
                    {
                        "system": "http://www.bmc.nl/zorgportal/identifiers/observations", 
                        "use": "official", 
                        "value": "smart-3428-height"
                    }
                ], 
                "performer": [
                    {
                        "reference": "Practitioner/smart-Practitioner-71482713"
                    }
                ], 
                "resourceType": "Observation", 
                "status": "unknown", 
                "subject": {
                    "reference": "Patient/smart-7777705"
                }, 
                "text": {
                    "div": "<div xmlns=\"http://www.w3.org/1999/xhtml\">2012-12-02: height = 162.4 cm</div>", 
                    "status": "generated"
                }, 
                "valueQuantity": {
                    "code": "cm", 
                    "system": "http://unitsofmeasure.org", 
                    "unit": "cm", 
                    "value": 162.4
                }
            }
        }, 
        {
            "request": {
                "method": "PUT", 
                "url": "Observation/smart-3429-weight"
            }, 
            "resource": {
                "category": [
                    {
                        "coding": [
                            {
                                "code": "vital-signs", 
                                "display": "Vital Signs", 
                                "system": "http://hl7.org/fhir/observation-category"
                            }
                        ], 
                        "text": "Vital Signs"
                    }
                ], 
                "code": {
                    "coding": [
                        {
                            "code": "3141-9", 
                            "display": "weight", 
                            "system": "http://loinc.org"
                        }
                    ], 
                    "text": "weight"
                }, 
                "context": {
                    "reference": "Encounter/smart-1026"
                }, 
                "effectiveDateTime": "2012-12-02", 
                "id": "smart-3429-weight", 
                "identifier": [
                    {
                        "system": "http://www.bmc.nl/zorgportal/identifiers/observations", 
                        "use": "official", 
                        "value": "smart-3429-weight"
                    }
                ], 
                "performer": [
                    {
                        "reference": "Practitioner/smart-Practitioner-71482713"
                    }
                ], 
                "resourceType": "Observation", 
                "status": "unknown", 
                "subject": {
                    "reference": "Patient/smart-7777705"
                }, 
                "text": {
                    "div": "<div xmlns=\"http://www.w3.org/1999/xhtml\">2012-12-02: weight = 51.8 kg</div>", 
                    "status": "generated"
                }, 
                "valueQuantity": {
                    "code": "kg", 
                    "system": "http://unitsofmeasure.org", 
                    "unit": "kg", 
                    "value": 51.8
                }
            }
        }, 
        {
            "request": {
                "method": "PUT", 
                "url": "Observation/smart-3430-height"
            }, 
            "resource": {
                "category": [
                    {
                        "coding": [
                            {
                                "code": "vital-signs", 
                                "display": "Vital Signs", 
                                "system": "http://hl7.org/fhir/observation-category"
                            }
                        ], 
                        "text": "Vital Signs"
                    }
                ], 
                "code": {
                    "coding": [
                        {
                            "code": "8302-2", 
                            "display": "height", 
                            "system": "http://loinc.org"
                        }
                    ], 
                    "text": "height"
                }, 
                "context": {
                    "reference": "Encounter/smart-1027"
                }, 
                "effectiveDateTime": "2012-12-08", 
                "id": "smart-3430-height", 
                "identifier": [
                    {
                        "system": "http://www.bmc.nl/zorgportal/identifiers/observations", 
                        "use": "official", 
                        "value": "smart-3430-height"
                    }
                ], 
                "performer": [
                    {
                        "reference": "Practitioner/smart-Practitioner-71482713"
                    }
                ], 
                "resourceType": "Observation", 
                "status": "unknown", 
                "subject": {
                    "reference": "Patient/smart-7777705"
                }, 
                "text": {
                    "div": "<div xmlns=\"http://www.w3.org/1999/xhtml\">2012-12-08: height = 150.3 cm</div>", 
                    "status": "generated"
                }, 
                "valueQuantity": {
                    "code": "cm", 
                    "system": "http://unitsofmeasure.org", 
                    "unit": "cm", 
                    "value": 150.3
                }
            }
        }, 
        {
            "request": {
                "method": "PUT", 
                "url": "Observation/smart-3431-weight"
            }, 
            "resource": {
                "category": [
                    {
                        "coding": [
                            {
                                "code": "vital-signs", 
                                "display": "Vital Signs", 
                                "system": "http://hl7.org/fhir/observation-category"
                            }
                        ], 
                        "text": "Vital Signs"
                    }
                ], 
                "code": {
                    "coding": [
                        {
                            "code": "3141-9", 
                            "display": "weight", 
                            "system": "http://loinc.org"
                        }
                    ], 
                    "text": "weight"
                }, 
                "context": {
                    "reference": "Encounter/smart-1027"
                }, 
                "effectiveDateTime": "2012-12-08", 
                "id": "smart-3431-weight", 
                "identifier": [
                    {
                        "system": "http://www.bmc.nl/zorgportal/identifiers/observations", 
                        "use": "official", 
                        "value": "smart-3431-weight"
                    }
                ], 
                "performer": [
                    {
                        "reference": "Practitioner/smart-Practitioner-71482713"
                    }
                ], 
                "resourceType": "Observation", 
                "status": "unknown", 
                "subject": {
                    "reference": "Patient/smart-7777705"
                }, 
                "text": {
                    "div": "<div xmlns=\"http://www.w3.org/1999/xhtml\">2012-12-08: weight = 91.1 kg</div>", 
                    "status": "generated"
                }, 
                "valueQuantity": {
                    "code": "kg", 
                    "system": "http://unitsofmeasure.org", 
                    "unit": "kg", 
                    "value": 91.1
                }
            }
        }, 
        {
            "request": {
                "method": "PUT", 
                "url": "Observation/smart-3432-height"
            }, 
            "resource": {
                "category": [
                    {
                        "coding": [
                            {
                                "code": "vital-signs", 
                                "display": "Vital Signs", 
                                "system": "http://hl7.org/fhir/observation-category"
                            }
                        ], 
                        "text": "Vital Signs"
                    }
                ], 
                "code": {
                    "coding": [
                        {
                            "code": "8302-2", 
                            "display": "height", 
                            "system": "http://loinc.org"
                        }
                    ], 
                    "text": "height"
                }, 
                "context": {
                    "reference": "Encounter/smart-1028"
                }, 
                "effectiveDateTime": "2012-12-15", 
                "id": "smart-3432-height", 
                "identifier": [
                    {
                        "system": "http://www.bmc.nl/zorgportal/identifiers/observations", 
                        "use": "official", 
                        "value": "smart-3432-height"
                    }
                ], 
                "performer": [
                    {
                        "reference": "Practitioner/smart-Practitioner-71482713"
                    }
                ], 
                "resourceType": "Observation", 
                "status": "unknown", 
                "subject": {
                    "reference": "Patient/smart-7777705"
                }, 
                "text": {
                    "div": "<div xmlns=\"http://www.w3.org/1999/xhtml\">2012-12-15: height = 187.4 cm</div>", 
                    "status": "generated"
                }, 
                "valueQuantity": {
                    "code": "cm", 
                    "system": "http://unitsofmeasure.org", 
                    "unit": "cm", 
                    "value": 187.4
                }
            }
        }, 
        {
            "request": {
                "method": "PUT", 
                "url": "Observation/smart-3433-weight"
            }, 
            "resource": {
                "category": [
                    {
                        "coding": [
                            {
                                "code": "vital-signs", 
                                "display": "Vital Signs", 
                                "system": "http://hl7.org/fhir/observation-category"
                            }
                        ], 
                        "text": "Vital Signs"
                    }
                ], 
                "code": {
                    "coding": [
                        {
                            "code": "3141-9", 
                            "display": "weight", 
                            "system": "http://loinc.org"
                        }
                    ], 
                    "text": "weight"
                }, 
                "context": {
                    "reference": "Encounter/smart-1028"
                }, 
                "effectiveDateTime": "2012-12-15", 
                "id": "smart-3433-weight", 
                "identifier": [
                    {
                        "system": "http://www.bmc.nl/zorgportal/identifiers/observations", 
                        "use": "official", 
                        "value": "smart-3433-weight"
                    }
                ], 
                "performer": [
                    {
                        "reference": "Practitioner/smart-Practitioner-71482713"
                    }
                ], 
                "resourceType": "Observation", 
                "status": "unknown", 
                "subject": {
                    "reference": "Patient/smart-7777705"
                }, 
                "text": {
                    "div": "<div xmlns=\"http://www.w3.org/1999/xhtml\">2012-12-15: weight = 112.0 kg</div>", 
                    "status": "generated"
                }, 
                "valueQuantity": {
                    "code": "kg", 
                    "system": "http://unitsofmeasure.org", 
                    "unit": "kg", 
                    "value": 112.0
                }
            }
        }, 
        {
            "request": {
                "method": "PUT", 
                "url": "Observation/smart-3434-height"
            }, 
            "resource": {
                "category": [
                    {
                        "coding": [
                            {
                                "code": "vital-signs", 
                                "display": "Vital Signs", 
                                "system": "http://hl7.org/fhir/observation-category"
                            }
                        ], 
                        "text": "Vital Signs"
                    }
                ], 
                "code": {
                    "coding": [
                        {
                            "code": "8302-2", 
                            "display": "height", 
                            "system": "http://loinc.org"
                        }
                    ], 
                    "text": "height"
                }, 
                "context": {
                    "reference": "Encounter/smart-1029"
                }, 
                "effectiveDateTime": "2012-12-30", 
                "id": "smart-3434-height", 
                "identifier": [
                    {
                        "system": "http://www.bmc.nl/zorgportal/identifiers/observations", 
                        "use": "official", 
                        "value": "smart-3434-height"
                    }
                ], 
                "performer": [
                    {
                        "reference": "Practitioner/smart-Practitioner-71482713"
                    }
                ], 
                "resourceType": "Observation", 
                "status": "unknown", 
                "subject": {
                    "reference": "Patient/smart-7777705"
                }, 
                "text": {
                    "div": "<div xmlns=\"http://www.w3.org/1999/xhtml\">2012-12-30: height = 158.1 cm</div>", 
                    "status": "generated"
                }, 
                "valueQuantity": {
                    "code": "cm", 
                    "system": "http://unitsofmeasure.org", 
                    "unit": "cm", 
                    "value": 158.1
                }
            }
        }, 
        {
            "request": {
                "method": "PUT", 
                "url": "Observation/smart-3435-weight"
            }, 
            "resource": {
                "category": [
                    {
                        "coding": [
                            {
                                "code": "vital-signs", 
                                "display": "Vital Signs", 
                                "system": "http://hl7.org/fhir/observation-category"
                            }
                        ], 
                        "text": "Vital Signs"
                    }
                ], 
                "code": {
                    "coding": [
                        {
                            "code": "3141-9", 
                            "display": "weight", 
                            "system": "http://loinc.org"
                        }
                    ], 
                    "text": "weight"
                }, 
                "context": {
                    "reference": "Encounter/smart-1029"
                }, 
                "effectiveDateTime": "2012-12-30", 
                "id": "smart-3435-weight", 
                "identifier": [
                    {
                        "system": "http://www.bmc.nl/zorgportal/identifiers/observations", 
                        "use": "official", 
                        "value": "smart-3435-weight"
                    }
                ], 
                "performer": [
                    {
                        "reference": "Practitioner/smart-Practitioner-71482713"
                    }
                ], 
                "resourceType": "Observation", 
                "status": "unknown", 
                "subject": {
                    "reference": "Patient/smart-7777705"
                }, 
                "text": {
                    "div": "<div xmlns=\"http://www.w3.org/1999/xhtml\">2012-12-30: weight = 92.3 kg</div>", 
                    "status": "generated"
                }, 
                "valueQuantity": {
                    "code": "kg", 
                    "system": "http://unitsofmeasure.org", 
                    "unit": "kg", 
                    "value": 92.3
                }
            }
        }, 
        {
            "request": {
                "method": "PUT", 
                "url": "Observation/smart-3436-height"
            }, 
            "resource": {
                "category": [
                    {
                        "coding": [
                            {
                                "code": "vital-signs", 
                                "display": "Vital Signs", 
                                "system": "http://hl7.org/fhir/observation-category"
                            }
                        ], 
                        "text": "Vital Signs"
                    }
                ], 
                "code": {
                    "coding": [
                        {
                            "code": "8302-2", 
                            "display": "height", 
                            "system": "http://loinc.org"
                        }
                    ], 
                    "text": "height"
                }, 
                "context": {
                    "reference": "Encounter/smart-1030"
                }, 
                "effectiveDateTime": "2013-01-08", 
                "id": "smart-3436-height", 
                "identifier": [
                    {
                        "system": "http://www.bmc.nl/zorgportal/identifiers/observations", 
                        "use": "official", 
                        "value": "smart-3436-height"
                    }
                ], 
                "performer": [
                    {
                        "reference": "Practitioner/smart-Practitioner-71482713"
                    }
                ], 
                "resourceType": "Observation", 
                "status": "unknown", 
                "subject": {
                    "reference": "Patient/smart-7777705"
                }, 
                "text": {
                    "div": "<div xmlns=\"http://www.w3.org/1999/xhtml\">2013-01-08: height = 167.3 cm</div>", 
                    "status": "generated"
                }, 
                "valueQuantity": {
                    "code": "cm", 
                    "system": "http://unitsofmeasure.org", 
                    "unit": "cm", 
                    "value": 167.3
                }
            }
        }, 
        {
            "request": {
                "method": "PUT", 
                "url": "Observation/smart-3437-weight"
            }, 
            "resource": {
                "category": [
                    {
                        "coding": [
                            {
                                "code": "vital-signs", 
                                "display": "Vital Signs", 
                                "system": "http://hl7.org/fhir/observation-category"
                            }
                        ], 
                        "text": "Vital Signs"
                    }
                ], 
                "code": {
                    "coding": [
                        {
                            "code": "3141-9", 
                            "display": "weight", 
                            "system": "http://loinc.org"
                        }
                    ], 
                    "text": "weight"
                }, 
                "context": {
                    "reference": "Encounter/smart-1030"
                }, 
                "effectiveDateTime": "2013-01-08", 
                "id": "smart-3437-weight", 
                "identifier": [
                    {
                        "system": "http://www.bmc.nl/zorgportal/identifiers/observations", 
                        "use": "official", 
                        "value": "smart-3437-weight"
                    }
                ], 
                "performer": [
                    {
                        "reference": "Practitioner/smart-Practitioner-71482713"
                    }
                ], 
                "resourceType": "Observation", 
                "status": "unknown", 
                "subject": {
                    "reference": "Patient/smart-7777705"
                }, 
                "text": {
                    "div": "<div xmlns=\"http://www.w3.org/1999/xhtml\">2013-01-08: weight = 106.4 kg</div>", 
                    "status": "generated"
                }, 
                "valueQuantity": {
                    "code": "kg", 
                    "system": "http://unitsofmeasure.org", 
                    "unit": "kg", 
                    "value": 106.4
                }
            }
        }, 
        {
            "request": {
                "method": "PUT", 
                "url": "Observation/smart-3438-height"
            }, 
            "resource": {
                "category": [
                    {
                        "coding": [
                            {
                                "code": "vital-signs", 
                                "display": "Vital Signs", 
                                "system": "http://hl7.org/fhir/observation-category"
                            }
                        ], 
                        "text": "Vital Signs"
                    }
                ], 
                "code": {
                    "coding": [
                        {
                            "code": "8302-2", 
                            "display": "height", 
                            "system": "http://loinc.org"
                        }
                    ], 
                    "text": "height"
                }, 
                "context": {
                    "reference": "Encounter/smart-1031"
                }, 
                "effectiveDateTime": "2013-01-14", 
                "id": "smart-3438-height", 
                "identifier": [
                    {
                        "system": "http://www.bmc.nl/zorgportal/identifiers/observations", 
                        "use": "official", 
                        "value": "smart-3438-height"
                    }
                ], 
                "performer": [
                    {
                        "reference": "Practitioner/smart-Practitioner-71482713"
                    }
                ], 
                "resourceType": "Observation", 
                "status": "unknown", 
                "subject": {
                    "reference": "Patient/smart-7777705"
                }, 
                "text": {
                    "div": "<div xmlns=\"http://www.w3.org/1999/xhtml\">2013-01-14: height = 162.4 cm</div>", 
                    "status": "generated"
                }, 
                "valueQuantity": {
                    "code": "cm", 
                    "system": "http://unitsofmeasure.org", 
                    "unit": "cm", 
                    "value": 162.4
                }
            }
        }, 
        {
            "request": {
                "method": "PUT", 
                "url": "Observation/smart-3439-weight"
            }, 
            "resource": {
                "category": [
                    {
                        "coding": [
                            {
                                "code": "vital-signs", 
                                "display": "Vital Signs", 
                                "system": "http://hl7.org/fhir/observation-category"
                            }
                        ], 
                        "text": "Vital Signs"
                    }
                ], 
                "code": {
                    "coding": [
                        {
                            "code": "3141-9", 
                            "display": "weight", 
                            "system": "http://loinc.org"
                        }
                    ], 
                    "text": "weight"
                }, 
                "context": {
                    "reference": "Encounter/smart-1031"
                }, 
                "effectiveDateTime": "2013-01-14", 
                "id": "smart-3439-weight", 
                "identifier": [
                    {
                        "system": "http://www.bmc.nl/zorgportal/identifiers/observations", 
                        "use": "official", 
                        "value": "smart-3439-weight"
                    }
                ], 
                "performer": [
                    {
                        "reference": "Practitioner/smart-Practitioner-71482713"
                    }
                ], 
                "resourceType": "Observation", 
                "status": "unknown", 
                "subject": {
                    "reference": "Patient/smart-7777705"
                }, 
                "text": {
                    "div": "<div xmlns=\"http://www.w3.org/1999/xhtml\">2013-01-14: weight = 102.5 kg</div>", 
                    "status": "generated"
                }, 
                "valueQuantity": {
                    "code": "kg", 
                    "system": "http://unitsofmeasure.org", 
                    "unit": "kg", 
                    "value": 102.5
                }
            }
        }, 
        {
            "request": {
                "method": "PUT", 
                "url": "Observation/smart-3440-height"
            }, 
            "resource": {
                "category": [
                    {
                        "coding": [
                            {
                                "code": "vital-signs", 
                                "display": "Vital Signs", 
                                "system": "http://hl7.org/fhir/observation-category"
                            }
                        ], 
                        "text": "Vital Signs"
                    }
                ], 
                "code": {
                    "coding": [
                        {
                            "code": "8302-2", 
                            "display": "height", 
                            "system": "http://loinc.org"
                        }
                    ], 
                    "text": "height"
                }, 
                "context": {
                    "reference": "Encounter/smart-1032"
                }, 
                "effectiveDateTime": "2013-01-23", 
                "id": "smart-3440-height", 
                "identifier": [
                    {
                        "system": "http://www.bmc.nl/zorgportal/identifiers/observations", 
                        "use": "official", 
                        "value": "smart-3440-height"
                    }
                ], 
                "performer": [
                    {
                        "reference": "Practitioner/smart-Practitioner-71482713"
                    }
                ], 
                "resourceType": "Observation", 
                "status": "unknown", 
                "subject": {
                    "reference": "Patient/smart-7777705"
                }, 
                "text": {
                    "div": "<div xmlns=\"http://www.w3.org/1999/xhtml\">2013-01-23: height = 177.3 cm</div>", 
                    "status": "generated"
                }, 
                "valueQuantity": {
                    "code": "cm", 
                    "system": "http://unitsofmeasure.org", 
                    "unit": "cm", 
                    "value": 177.3
                }
            }
        }, 
        {
            "request": {
                "method": "PUT", 
                "url": "Observation/smart-3441-weight"
            }, 
            "resource": {
                "category": [
                    {
                        "coding": [
                            {
                                "code": "vital-signs", 
                                "display": "Vital Signs", 
                                "system": "http://hl7.org/fhir/observation-category"
                            }
                        ], 
                        "text": "Vital Signs"
                    }
                ], 
                "code": {
                    "coding": [
                        {
                            "code": "3141-9", 
                            "display": "weight", 
                            "system": "http://loinc.org"
                        }
                    ], 
                    "text": "weight"
                }, 
                "context": {
                    "reference": "Encounter/smart-1032"
                }, 
                "effectiveDateTime": "2013-01-23", 
                "id": "smart-3441-weight", 
                "identifier": [
                    {
                        "system": "http://www.bmc.nl/zorgportal/identifiers/observations", 
                        "use": "official", 
                        "value": "smart-3441-weight"
                    }
                ], 
                "performer": [
                    {
                        "reference": "Practitioner/smart-Practitioner-71482713"
                    }
                ], 
                "resourceType": "Observation", 
                "status": "unknown", 
                "subject": {
                    "reference": "Patient/smart-7777705"
                }, 
                "text": {
                    "div": "<div xmlns=\"http://www.w3.org/1999/xhtml\">2013-01-23: weight = 70.6 kg</div>", 
                    "status": "generated"
                }, 
                "valueQuantity": {
                    "code": "kg", 
                    "system": "http://unitsofmeasure.org", 
                    "unit": "kg", 
                    "value": 70.6
                }
            }
        }, 
        {
            "request": {
                "method": "PUT", 
                "url": "Observation/smart-3442-height"
            }, 
            "resource": {
                "category": [
                    {
                        "coding": [
                            {
                                "code": "vital-signs", 
                                "display": "Vital Signs", 
                                "system": "http://hl7.org/fhir/observation-category"
                            }
                        ], 
                        "text": "Vital Signs"
                    }
                ], 
                "code": {
                    "coding": [
                        {
                            "code": "8302-2", 
                            "display": "height", 
                            "system": "http://loinc.org"
                        }
                    ], 
                    "text": "height"
                }, 
                "context": {
                    "reference": "Encounter/smart-1033"
                }, 
                "effectiveDateTime": "2013-01-29", 
                "id": "smart-3442-height", 
                "identifier": [
                    {
                        "system": "http://www.bmc.nl/zorgportal/identifiers/observations", 
                        "use": "official", 
                        "value": "smart-3442-height"
                    }
                ], 
                "performer": [
                    {
                        "reference": "Practitioner/smart-Practitioner-71482713"
                    }
                ], 
                "resourceType": "Observation", 
                "status": "unknown", 
                "subject": {
                    "reference": "Patient/smart-7777705"
                }, 
                "text": {
                    "div": "<div xmlns=\"http://www.w3.org/1999/xhtml\">2013-01-29: height = 150.2 cm</div>", 
                    "status": "generated"
                }, 
                "valueQuantity": {
                    "code": "cm", 
                    "system": "http://unitsofmeasure.org", 
                    "unit": "cm", 
                    "value": 150.2
                }
            }
        }, 
        {
            "request": {
                "method": "PUT", 
                "url": "Observation/smart-3443-weight"
            }, 
            "resource": {
                "category": [
                    {
                        "coding": [
                            {
                                "code": "vital-signs", 
                                "display": "Vital Signs", 
                                "system": "http://hl7.org/fhir/observation-category"
                            }
                        ], 
                        "text": "Vital Signs"
                    }
                ], 
                "code": {
                    "coding": [
                        {
                            "code": "3141-9", 
                            "display": "weight", 
                            "system": "http://loinc.org"
                        }
                    ], 
                    "text": "weight"
                }, 
                "context": {
                    "reference": "Encounter/smart-1033"
                }, 
                "effectiveDateTime": "2013-01-29", 
                "id": "smart-3443-weight", 
                "identifier": [
                    {
                        "system": "http://www.bmc.nl/zorgportal/identifiers/observations", 
                        "use": "official", 
                        "value": "smart-3443-weight"
                    }
                ], 
                "performer": [
                    {
                        "reference": "Practitioner/smart-Practitioner-71482713"
                    }
                ], 
                "resourceType": "Observation", 
                "status": "unknown", 
                "subject": {
                    "reference": "Patient/smart-7777705"
                }, 
                "text": {
                    "div": "<div xmlns=\"http://www.w3.org/1999/xhtml\">2013-01-29: weight = 107.9 kg</div>", 
                    "status": "generated"
                }, 
                "valueQuantity": {
                    "code": "kg", 
                    "system": "http://unitsofmeasure.org", 
                    "unit": "kg", 
                    "value": 107.9
                }
            }
        }, 
        {
            "request": {
                "method": "PUT", 
                "url": "Observation/smart-3444-height"
            }, 
            "resource": {
                "category": [
                    {
                        "coding": [
                            {
                                "code": "vital-signs", 
                                "display": "Vital Signs", 
                                "system": "http://hl7.org/fhir/observation-category"
                            }
                        ], 
                        "text": "Vital Signs"
                    }
                ], 
                "code": {
                    "coding": [
                        {
                            "code": "8302-2", 
                            "display": "height", 
                            "system": "http://loinc.org"
                        }
                    ], 
                    "text": "height"
                }, 
                "context": {
                    "reference": "Encounter/smart-1034"
                }, 
                "effectiveDateTime": "2013-02-19", 
                "id": "smart-3444-height", 
                "identifier": [
                    {
                        "system": "http://www.bmc.nl/zorgportal/identifiers/observations", 
                        "use": "official", 
                        "value": "smart-3444-height"
                    }
                ], 
                "performer": [
                    {
                        "reference": "Practitioner/smart-Practitioner-71482713"
                    }
                ], 
                "resourceType": "Observation", 
                "status": "unknown", 
                "subject": {
                    "reference": "Patient/smart-7777705"
                }, 
                "text": {
                    "div": "<div xmlns=\"http://www.w3.org/1999/xhtml\">2013-02-19: height = 131.8 cm</div>", 
                    "status": "generated"
                }, 
                "valueQuantity": {
                    "code": "cm", 
                    "system": "http://unitsofmeasure.org", 
                    "unit": "cm", 
                    "value": 131.8
                }
            }
        }, 
        {
            "request": {
                "method": "PUT", 
                "url": "Observation/smart-3445-weight"
            }, 
            "resource": {
                "category": [
                    {
                        "coding": [
                            {
                                "code": "vital-signs", 
                                "display": "Vital Signs", 
                                "system": "http://hl7.org/fhir/observation-category"
                            }
                        ], 
                        "text": "Vital Signs"
                    }
                ], 
                "code": {
                    "coding": [
                        {
                            "code": "3141-9", 
                            "display": "weight", 
                            "system": "http://loinc.org"
                        }
                    ], 
                    "text": "weight"
                }, 
                "context": {
                    "reference": "Encounter/smart-1034"
                }, 
                "effectiveDateTime": "2013-02-19", 
                "id": "smart-3445-weight", 
                "identifier": [
                    {
                        "system": "http://www.bmc.nl/zorgportal/identifiers/observations", 
                        "use": "official", 
                        "value": "smart-3445-weight"
                    }
                ], 
                "performer": [
                    {
                        "reference": "Practitioner/smart-Practitioner-71482713"
                    }
                ], 
                "resourceType": "Observation", 
                "status": "unknown", 
                "subject": {
                    "reference": "Patient/smart-7777705"
                }, 
                "text": {
                    "div": "<div xmlns=\"http://www.w3.org/1999/xhtml\">2013-02-19: weight = 90.1 kg</div>", 
                    "status": "generated"
                }, 
                "valueQuantity": {
                    "code": "kg", 
                    "system": "http://unitsofmeasure.org", 
                    "unit": "kg", 
                    "value": 90.1
                }
            }
        }, 
        {
            "request": {
                "method": "PUT", 
                "url": "Observation/smart-3446-height"
            }, 
            "resource": {
                "category": [
                    {
                        "coding": [
                            {
                                "code": "vital-signs", 
                                "display": "Vital Signs", 
                                "system": "http://hl7.org/fhir/observation-category"
                            }
                        ], 
                        "text": "Vital Signs"
                    }
                ], 
                "code": {
                    "coding": [
                        {
                            "code": "8302-2", 
                            "display": "height", 
                            "system": "http://loinc.org"
                        }
                    ], 
                    "text": "height"
                }, 
                "context": {
                    "reference": "Encounter/smart-1035"
                }, 
                "effectiveDateTime": "2013-02-21", 
                "id": "smart-3446-height", 
                "identifier": [
                    {
                        "system": "http://www.bmc.nl/zorgportal/identifiers/observations", 
                        "use": "official", 
                        "value": "smart-3446-height"
                    }
                ], 
                "performer": [
                    {
                        "reference": "Practitioner/smart-Practitioner-71482713"
                    }
                ], 
                "resourceType": "Observation", 
                "status": "unknown", 
                "subject": {
                    "reference": "Patient/smart-7777705"
                }, 
                "text": {
                    "div": "<div xmlns=\"http://www.w3.org/1999/xhtml\">2013-02-21: height = 179.3 cm</div>", 
                    "status": "generated"
                }, 
                "valueQuantity": {
                    "code": "cm", 
                    "system": "http://unitsofmeasure.org", 
                    "unit": "cm", 
                    "value": 179.3
                }
            }
        }, 
        {
            "request": {
                "method": "PUT", 
                "url": "Observation/smart-3447-weight"
            }, 
            "resource": {
                "category": [
                    {
                        "coding": [
                            {
                                "code": "vital-signs", 
                                "display": "Vital Signs", 
                                "system": "http://hl7.org/fhir/observation-category"
                            }
                        ], 
                        "text": "Vital Signs"
                    }
                ], 
                "code": {
                    "coding": [
                        {
                            "code": "3141-9", 
                            "display": "weight", 
                            "system": "http://loinc.org"
                        }
                    ], 
                    "text": "weight"
                }, 
                "context": {
                    "reference": "Encounter/smart-1035"
                }, 
                "effectiveDateTime": "2013-02-21", 
                "id": "smart-3447-weight", 
                "identifier": [
                    {
                        "system": "http://www.bmc.nl/zorgportal/identifiers/observations", 
                        "use": "official", 
                        "value": "smart-3447-weight"
                    }
                ], 
                "performer": [
                    {
                        "reference": "Practitioner/smart-Practitioner-71482713"
                    }
                ], 
                "resourceType": "Observation", 
                "status": "unknown", 
                "subject": {
                    "reference": "Patient/smart-7777705"
                }, 
                "text": {
                    "div": "<div xmlns=\"http://www.w3.org/1999/xhtml\">2013-02-21: weight = 150.0 kg</div>", 
                    "status": "generated"
                }, 
                "valueQuantity": {
                    "code": "kg", 
                    "system": "http://unitsofmeasure.org", 
                    "unit": "kg", 
                    "value": 150.0
                }
            }
        }, 
        {
            "request": {
                "method": "PUT", 
                "url": "FamilyMemberHistory/smart-FamilyMemberHistory-15"
            }, 
            "resource": {
                "extension": [
                    {
                        "url": "http://fhir-registry.smarthealthit.org/StructureDefinition/family-history#height", 
                        "valueQuantity": {
                            "code": "cm", 
                            "system": "http://unitsofmeasure.org", 
                            "unit": "centimeters", 
                            "value": 177.0
                        }
                    }
                ], 
                "id": "smart-FamilyMemberHistory-15", 
                "patient": {
                    "reference": "Patient/smart-7777705"
                }, 
                "relationship": {
                    "coding": [
                        {
                            "code": "FTH", 
                            "display": "father", 
                            "system": "http://hl7.org/fhir/v3/RoleCode"
                        }
                    ], 
                    "text": "Father"
                }, 
                "resourceType": "FamilyMemberHistory", 
                "status": "completed", 
                "text": {
                    "div": "<div xmlns=\"http://www.w3.org/1999/xhtml\">Data on patient's Father</div>", 
                    "status": "generated"
                }
            }
        }, 
        {
            "request": {
                "method": "PUT", 
                "url": "FamilyMemberHistory/smart-FamilyMemberHistory-16"
            }, 
            "resource": {
                "extension": [
                    {
                        "url": "http://fhir-registry.smarthealthit.org/StructureDefinition/family-history#height", 
                        "valueQuantity": {
                            "code": "cm", 
                            "system": "http://unitsofmeasure.org", 
                            "unit": "centimeters", 
                            "value": 164.0
                        }
                    }
                ], 
                "id": "smart-FamilyMemberHistory-16", 
                "patient": {
                    "reference": "Patient/smart-7777705"
                }, 
                "relationship": {
                    "coding": [
                        {
                            "code": "MTH", 
                            "display": "mother", 
                            "system": "http://hl7.org/fhir/v3/RoleCode"
                        }
                    ], 
                    "text": "Mother"
                }, 
                "resourceType": "FamilyMemberHistory", 
                "status": "completed", 
                "text": {
                    "div": "<div xmlns=\"http://www.w3.org/1999/xhtml\">Data on patient's Mother</div>", 
                    "status": "generated"
                }
            }
        }
    ], 
    "resourceType": "Bundle", 
    "type": "transaction"
}
