{
    "entry": [
        {
            "request": {
                "method": "PUT", 
                "url": "Observation/smart-57-lab"
            }, 
            "resource": {
                "category": [
                    {
                        "coding": [
                            {
                                "code": "laboratory", 
                                "display": "Laboratory", 
                                "system": "http://hl7.org/fhir/observation-category"
                            }
                        ], 
                        "text": "Laboratory"
                    }
                ], 
                "code": {
                    "coding": [
                        {
                            "code": "785-6", 
                            "display": "MCH RBC Qn Auto", 
                            "system": "http://loinc.org"
                        }
                    ], 
                    "text": "MCH RBC Qn Auto"
                }, 
                "effectiveDateTime": "2009-02-13", 
                "id": "smart-57-lab", 
                "identifier": [
                    {
                        "system": "http://www.bmc.nl/zorgportal/identifiers/observations", 
                        "use": "official", 
                        "value": "smart-57-lab"
                    }
                ], 
                "performer": [
                    {
                        "reference": "Practitioner/smart-Practitioner-71482713"
                    }
                ], 
                "referenceRange": [
                    {
                        "high": {
                            "code": "pg", 
                            "system": "http://unitsofmeasure.org", 
                            "unit": "pg", 
                            "value": 34.0
                        }, 
                        "low": {
                            "code": "pg", 
                            "system": "http://unitsofmeasure.org", 
                            "unit": "pg", 
                            "value": 26.0
                        }, 
                        "type": {
                            "coding": [
                                {
                                    "code": "normal", 
                                    "display": "Normal Range", 
                                    "system": "http://hl7.org/fhir/referencerange-meaning"
                                }
                            ], 
                            "text": "Normal Range"
                        }
                    }
                ], 
                "resourceType": "Observation", 
                "status": "unknown", 
                "subject": {
                    "reference": "Patient/smart-1520204"
                }, 
                "text": {
                    "div": "<div xmlns=\"http://www.w3.org/1999/xhtml\">2009-02-13: MCH RBC Qn Auto = 29.6 pg</div>", 
                    "status": "generated"
                }, 
                "valueQuantity": {
                    "code": "pg", 
                    "system": "http://unitsofmeasure.org", 
                    "unit": "pg", 
                    "value": 29.6
                }
            }
        }, 
        {
            "request": {
                "method": "PUT", 
                "url": "Observation/smart-58-lab"
            }, 
            "resource": {
                "category": [
                    {
                        "coding": [
                            {
                                "code": "laboratory", 
                                "display": "Laboratory", 
                                "system": "http://hl7.org/fhir/observation-category"
                            }
                        ], 
                        "text": "Laboratory"
                    }
                ], 
                "code": {
                    "coding": [
                        {
                            "code": "786-4", 
                            "display": "MCHC RBC Auto-mCnc", 
                            "system": "http://loinc.org"
                        }
                    ], 
                    "text": "MCHC RBC Auto-mCnc"
                }, 
                "effectiveDateTime": "2009-02-13", 
                "id": "smart-58-lab", 
                "identifier": [
                    {
                        "system": "http://www.bmc.nl/zorgportal/identifiers/observations", 
                        "use": "official", 
                        "value": "smart-58-lab"
                    }
                ], 
                "performer": [
                    {
                        "reference": "Practitioner/smart-Practitioner-71482713"
                    }
                ], 
                "referenceRange": [
                    {
                        "high": {
                            "code": "g/dL", 
                            "system": "http://unitsofmeasure.org", 
                            "unit": "g/dL", 
                            "value": 36.0
                        }, 
                        "low": {
                            "code": "g/dL", 
                            "system": "http://unitsofmeasure.org", 
                            "unit": "g/dL", 
                            "value": 32.0
                        }, 
                        "type": {
                            "coding": [
                                {
                                    "code": "normal", 
                                    "display": "Normal Range", 
                                    "system": "http://hl7.org/fhir/referencerange-meaning"
                                }
                            ], 
                            "text": "Normal Range"
                        }
                    }
                ], 
                "resourceType": "Observation", 
                "status": "unknown", 
                "subject": {
                    "reference": "Patient/smart-1520204"
                }, 
                "text": {
                    "div": "<div xmlns=\"http://www.w3.org/1999/xhtml\">2009-02-13: MCHC RBC Auto-mCnc = 34.4 g/dL</div>", 
                    "status": "generated"
                }, 
                "valueQuantity": {
                    "code": "g/dL", 
                    "system": "http://unitsofmeasure.org", 
                    "unit": "g/dL", 
                    "value": 34.4
                }
            }
        }, 
        {
            "request": {
                "method": "PUT", 
                "url": "Observation/smart-59-lab"
            }, 
            "resource": {
                "category": [
                    {
                        "coding": [
                            {
                                "code": "laboratory", 
                                "display": "Laboratory", 
                                "system": "http://hl7.org/fhir/observation-category"
                            }
                        ], 
                        "text": "Laboratory"
                    }
                ], 
                "code": {
                    "coding": [
                        {
                            "code": "17861-6", 
                            "display": "Calcium SerPl-mCnc", 
                            "system": "http://loinc.org"
                        }
                    ], 
                    "text": "Calcium SerPl-mCnc"
                }, 
                "effectiveDateTime": "2009-02-13", 
                "id": "smart-59-lab", 
                "identifier": [
                    {
                        "system": "http://www.bmc.nl/zorgportal/identifiers/observations", 
                        "use": "official", 
                        "value": "smart-59-lab"
                    }
                ], 
                "performer": [
                    {
                        "reference": "Practitioner/smart-Practitioner-71482713"
                    }
                ], 
                "referenceRange": [
                    {
                        "high": {
                            "code": "mg/dL", 
                            "system": "http://unitsofmeasure.org", 
                            "unit": "mg/dL", 
                            "value": 10.5
                        }, 
                        "low": {
                            "code": "mg/dL", 
                            "system": "http://unitsofmeasure.org", 
                            "unit": "mg/dL", 
                            "value": 8.6
                        }, 
                        "type": {
                            "coding": [
                                {
                                    "code": "normal", 
                                    "display": "Normal Range", 
                                    "system": "http://hl7.org/fhir/referencerange-meaning"
                                }
                            ], 
                            "text": "Normal Range"
                        }
                    }
                ], 
                "resourceType": "Observation", 
                "status": "unknown", 
                "subject": {
                    "reference": "Patient/smart-1520204"
                }, 
                "text": {
                    "div": "<div xmlns=\"http://www.w3.org/1999/xhtml\">2009-02-13: Calcium SerPl-mCnc = 9.5 mg/dL</div>", 
                    "status": "generated"
                }, 
                "valueQuantity": {
                    "code": "mg/dL", 
                    "system": "http://unitsofmeasure.org", 
                    "unit": "mg/dL", 
                    "value": 9.5
                }
            }
        }, 
        {
            "request": {
                "method": "PUT", 
                "url": "Observation/smart-60-lab"
            }, 
            "resource": {
                "category": [
                    {
                        "coding": [
                            {
                                "code": "laboratory", 
                                "display": "Laboratory", 
                                "system": "http://hl7.org/fhir/observation-category"
                            }
                        ], 
                        "text": "Laboratory"
                    }
                ], 
                "code": {
                    "coding": [
                        {
                            "code": "2085-9", 
                            "display": "HDLc SerPl-mCnc", 
                            "system": "http://loinc.org"
                        }
                    ], 
                    "text": "HDLc SerPl-mCnc"
                }, 
                "effectiveDateTime": "2009-05-25", 
                "id": "smart-60-lab", 
                "identifier": [
                    {
                        "system": "http://www.bmc.nl/zorgportal/identifiers/observations", 
                        "use": "official", 
                        "value": "smart-60-lab"
                    }
                ], 
                "performer": [
                    {
                        "reference": "Practitioner/smart-Practitioner-71482713"
                    }
                ], 
                "referenceRange": [
                    {
                        "high": {
                            "code": "mg/dL", 
                            "system": "http://unitsofmeasure.org", 
                            "unit": "mg/dL", 
                            "value": 199.0
                        }, 
                        "low": {
                            "code": "mg/dL", 
                            "system": "http://unitsofmeasure.org", 
                            "unit": "mg/dL", 
                            "value": 40.0
                        }, 
                        "type": {
                            "coding": [
                                {
                                    "code": "normal", 
                                    "display": "Normal Range", 
                                    "system": "http://hl7.org/fhir/referencerange-meaning"
                                }
                            ], 
                            "text": "Normal Range"
                        }
                    }
                ], 
                "resourceType": "Observation", 
                "status": "unknown", 
                "subject": {
                    "reference": "Patient/smart-1520204"
                }, 
                "text": {
                    "div": "<div xmlns=\"http://www.w3.org/1999/xhtml\">2009-05-25: HDLc SerPl-mCnc = 53 mg/dL</div>", 
                    "status": "generated"
                }, 
                "valueQuantity": {
                    "code": "mg/dL", 
                    "system": "http://unitsofmeasure.org", 
                    "unit": "mg/dL", 
                    "value": 53.0
                }
            }
        }, 
        {
            "request": {
                "method": "PUT", 
                "url": "Observation/smart-61-lab"
            }, 
            "resource": {
                "category": [
                    {
                        "coding": [
                            {
                                "code": "laboratory", 
                                "display": "Laboratory", 
                                "system": "http://hl7.org/fhir/observation-category"
                            }
                        ], 
                        "text": "Laboratory"
                    }
                ], 
                "code": {
                    "coding": [
                        {
                            "code": "13457-7", 
                            "display": "LDLc SerPl Calc-mCnc", 
                            "system": "http://loinc.org"
                        }
                    ], 
                    "text": "LDLc SerPl Calc-mCnc"
                }, 
                "effectiveDateTime": "2009-05-25", 
                "id": "smart-61-lab", 
                "identifier": [
                    {
                        "system": "http://www.bmc.nl/zorgportal/identifiers/observations", 
                        "use": "official", 
                        "value": "smart-61-lab"
                    }
                ], 
                "performer": [
                    {
                        "reference": "Practitioner/smart-Practitioner-71482713"
                    }
                ], 
                "referenceRange": [
                    {
                        "high": {
                            "code": "mg/dL", 
                            "system": "http://unitsofmeasure.org", 
                            "unit": "mg/dL", 
                            "value": 129.0
                        }, 
                        "low": {
                            "code": "mg/dL", 
                            "system": "http://unitsofmeasure.org", 
                            "unit": "mg/dL", 
                            "value": 0.0
                        }, 
                        "type": {
                            "coding": [
                                {
                                    "code": "normal", 
                                    "display": "Normal Range", 
                                    "system": "http://hl7.org/fhir/referencerange-meaning"
                                }
                            ], 
                            "text": "Normal Range"
                        }
                    }
                ], 
                "resourceType": "Observation", 
                "status": "unknown", 
                "subject": {
                    "reference": "Patient/smart-1520204"
                }, 
                "text": {
                    "div": "<div xmlns=\"http://www.w3.org/1999/xhtml\">2009-05-25: LDLc SerPl Calc-mCnc = 90 mg/dL</div>", 
                    "status": "generated"
                }, 
                "valueQuantity": {
                    "code": "mg/dL", 
                    "system": "http://unitsofmeasure.org", 
                    "unit": "mg/dL", 
                    "value": 90.0
                }
            }
        }, 
        {
            "request": {
                "method": "PUT", 
                "url": "Observation/smart-62-lab"
            }, 
            "resource": {
                "category": [
                    {
                        "coding": [
                            {
                                "code": "laboratory", 
                                "display": "Laboratory", 
                                "system": "http://hl7.org/fhir/observation-category"
                            }
                        ], 
                        "text": "Laboratory"
                    }
                ], 
                "code": {
                    "coding": [
                        {
                            "code": "1920-8", 
                            "display": "AST SerPl-cCnc", 
                            "system": "http://loinc.org"
                        }
                    ], 
                    "text": "AST SerPl-cCnc"
                }, 
                "effectiveDateTime": "2009-05-25", 
                "id": "smart-62-lab", 
                "identifier": [
                    {
                        "system": "http://www.bmc.nl/zorgportal/identifiers/observations", 
                        "use": "official", 
                        "value": "smart-62-lab"
                    }
                ], 
                "performer": [
                    {
                        "reference": "Practitioner/smart-Practitioner-71482713"
                    }
                ], 
                "referenceRange": [
                    {
                        "high": {
                            "code": "U/L", 
                            "system": "http://unitsofmeasure.org", 
                            "unit": "U/L", 
                            "value": 32.0
                        }, 
                        "low": {
                            "code": "U/L", 
                            "system": "http://unitsofmeasure.org", 
                            "unit": "U/L", 
                            "value": 0.0
                        }, 
                        "type": {
                            "coding": [
                                {
                                    "code": "normal", 
                                    "display": "Normal Range", 
                                    "system": "http://hl7.org/fhir/referencerange-meaning"
                                }
                            ], 
                            "text": "Normal Range"
                        }
                    }
                ], 
                "resourceType": "Observation", 
                "status": "unknown", 
                "subject": {
                    "reference": "Patient/smart-1520204"
                }, 
                "text": {
                    "div": "<div xmlns=\"http://www.w3.org/1999/xhtml\">2009-05-25: AST SerPl-cCnc = 18 U/L</div>", 
                    "status": "generated"
                }, 
                "valueQuantity": {
                    "code": "U/L", 
                    "system": "http://unitsofmeasure.org", 
                    "unit": "U/L", 
                    "value": 18.0
                }
            }
        }, 
        {
            "request": {
                "method": "PUT", 
                "url": "Observation/smart-63-lab"
            }, 
            "resource": {
                "category": [
                    {
                        "coding": [
                            {
                                "code": "laboratory", 
                                "display": "Laboratory", 
                                "system": "http://hl7.org/fhir/observation-category"
                            }
                        ], 
                        "text": "Laboratory"
                    }
                ], 
                "code": {
                    "coding": [
                        {
                            "code": "2093-3", 
                            "display": "Cholest SerPl-mCnc", 
                            "system": "http://loinc.org"
                        }
                    ], 
                    "text": "Cholest SerPl-mCnc"
                }, 
                "effectiveDateTime": "2009-05-25", 
                "id": "smart-63-lab", 
                "identifier": [
                    {
                        "system": "http://www.bmc.nl/zorgportal/identifiers/observations", 
                        "use": "official", 
                        "value": "smart-63-lab"
                    }
                ], 
                "performer": [
                    {
                        "reference": "Practitioner/smart-Practitioner-71482713"
                    }
                ], 
                "referenceRange": [
                    {
                        "high": {
                            "code": "mg/dL", 
                            "system": "http://unitsofmeasure.org", 
                            "unit": "mg/dL", 
                            "value": 199.0
                        }, 
                        "low": {
                            "code": "mg/dL", 
                            "system": "http://unitsofmeasure.org", 
                            "unit": "mg/dL", 
                            "value": 0.0
                        }, 
                        "type": {
                            "coding": [
                                {
                                    "code": "normal", 
                                    "display": "Normal Range", 
                                    "system": "http://hl7.org/fhir/referencerange-meaning"
                                }
                            ], 
                            "text": "Normal Range"
                        }
                    }
                ], 
                "resourceType": "Observation", 
                "status": "unknown", 
                "subject": {
                    "reference": "Patient/smart-1520204"
                }, 
                "text": {
                    "div": "<div xmlns=\"http://www.w3.org/1999/xhtml\">2009-05-25: Cholest SerPl-mCnc = 170 mg/dL</div>", 
                    "status": "generated"
                }, 
                "valueQuantity": {
                    "code": "mg/dL", 
                    "system": "http://unitsofmeasure.org", 
                    "unit": "mg/dL", 
                    "value": 170.0
                }
            }
        }, 
        {
            "request": {
                "method": "PUT", 
                "url": "Observation/smart-64-lab"
            }, 
            "resource": {
                "category": [
                    {
                        "coding": [
                            {
                                "code": "laboratory", 
                                "display": "Laboratory", 
                                "system": "http://hl7.org/fhir/observation-category"
                            }
                        ], 
                        "text": "Laboratory"
                    }
                ], 
                "code": {
                    "coding": [
                        {
                            "code": "2571-8", 
                            "display": "Trigl SerPl-mCnc", 
                            "system": "http://loinc.org"
                        }
                    ], 
                    "text": "Trigl SerPl-mCnc"
                }, 
                "effectiveDateTime": "2009-05-25", 
                "id": "smart-64-lab", 
                "identifier": [
                    {
                        "system": "http://www.bmc.nl/zorgportal/identifiers/observations", 
                        "use": "official", 
                        "value": "smart-64-lab"
                    }
                ], 
                "performer": [
                    {
                        "reference": "Practitioner/smart-Practitioner-71482713"
                    }
                ], 
                "referenceRange": [
                    {
                        "high": {
                            "code": "mg/dL", 
                            "system": "http://unitsofmeasure.org", 
                            "unit": "mg/dL", 
                            "value": 160.0
                        }, 
                        "low": {
                            "code": "mg/dL", 
                            "system": "http://unitsofmeasure.org", 
                            "unit": "mg/dL", 
                            "value": 35.0
                        }, 
                        "type": {
                            "coding": [
                                {
                                    "code": "normal", 
                                    "display": "Normal Range", 
                                    "system": "http://hl7.org/fhir/referencerange-meaning"
                                }
                            ], 
                            "text": "Normal Range"
                        }
                    }
                ], 
                "resourceType": "Observation", 
                "status": "unknown", 
                "subject": {
                    "reference": "Patient/smart-1520204"
                }, 
                "text": {
                    "div": "<div xmlns=\"http://www.w3.org/1999/xhtml\">2009-05-25: Trigl SerPl-mCnc = 137 mg/dL</div>", 
                    "status": "generated"
                }, 
                "valueQuantity": {
                    "code": "mg/dL", 
                    "system": "http://unitsofmeasure.org", 
                    "unit": "mg/dL", 
                    "value": 137.0
                }
            }
        }, 
        {
            "request": {
                "method": "PUT", 
                "url": "Observation/smart-65-lab"
            }, 
            "resource": {
                "category": [
                    {
                        "coding": [
                            {
                                "code": "laboratory", 
                                "display": "Laboratory", 
                                "system": "http://hl7.org/fhir/observation-category"
                            }
                        ], 
                        "text": "Laboratory"
                    }
                ], 
                "code": {
                    "coding": [
                        {
                            "code": "2157-6", 
                            "display": "CK SerPl-cCnc", 
                            "system": "http://loinc.org"
                        }
                    ], 
                    "text": "CK SerPl-cCnc"
                }, 
                "effectiveDateTime": "2009-05-25", 
                "id": "smart-65-lab", 
                "identifier": [
                    {
                        "system": "http://www.bmc.nl/zorgportal/identifiers/observations", 
                        "use": "official", 
                        "value": "smart-65-lab"
                    }
                ], 
                "performer": [
                    {
                        "reference": "Practitioner/smart-Practitioner-71482713"
                    }
                ], 
                "referenceRange": [
                    {
                        "high": {
                            "code": "U/L", 
                            "system": "http://unitsofmeasure.org", 
                            "unit": "U/L", 
                            "value": 140.0
                        }, 
                        "low": {
                            "code": "U/L", 
                            "system": "http://unitsofmeasure.org", 
                            "unit": "U/L", 
                            "value": 26.0
                        }, 
                        "type": {
                            "coding": [
                                {
                                    "code": "normal", 
                                    "display": "Normal Range", 
                                    "system": "http://hl7.org/fhir/referencerange-meaning"
                                }
                            ], 
                            "text": "Normal Range"
                        }
                    }
                ], 
                "resourceType": "Observation", 
                "status": "unknown", 
                "subject": {
                    "reference": "Patient/smart-1520204"
                }, 
                "text": {
                    "div": "<div xmlns=\"http://www.w3.org/1999/xhtml\">2009-05-25: CK SerPl-cCnc = 90 U/L</div>", 
                    "status": "generated"
                }, 
                "valueQuantity": {
                    "code": "U/L", 
                    "system": "http://unitsofmeasure.org", 
                    "unit": "U/L", 
                    "value": 90.0
                }
            }
        }, 
        {
            "request": {
                "method": "PUT", 
                "url": "Observation/smart-66-lab"
            }, 
            "resource": {
                "category": [
                    {
                        "coding": [
                            {
                                "code": "laboratory", 
                                "display": "Laboratory", 
                                "system": "http://hl7.org/fhir/observation-category"
                            }
                        ], 
                        "text": "Laboratory"
                    }
                ], 
                "code": {
                    "coding": [
                        {
                            "code": "30522-7", 
                            "display": "CRP SerPl HS-mCnc", 
                            "system": "http://loinc.org"
                        }
                    ], 
                    "text": "CRP SerPl HS-mCnc"
                }, 
                "effectiveDateTime": "2009-05-25", 
                "id": "smart-66-lab", 
                "identifier": [
                    {
                        "system": "http://www.bmc.nl/zorgportal/identifiers/observations", 
                        "use": "official", 
                        "value": "smart-66-lab"
                    }
                ], 
                "performer": [
                    {
                        "reference": "Practitioner/smart-Practitioner-71482713"
                    }
                ], 
                "referenceRange": [
                    {
                        "high": {
                            "code": "mg/L", 
                            "system": "http://unitsofmeasure.org", 
                            "unit": "mg/L", 
                            "value": 3.0
                        }, 
                        "low": {
                            "code": "mg/L", 
                            "system": "http://unitsofmeasure.org", 
                            "unit": "mg/L", 
                            "value": 0.0
                        }, 
                        "type": {
                            "coding": [
                                {
                                    "code": "normal", 
                                    "display": "Normal Range", 
                                    "system": "http://hl7.org/fhir/referencerange-meaning"
                                }
                            ], 
                            "text": "Normal Range"
                        }
                    }
                ], 
                "resourceType": "Observation", 
                "status": "unknown", 
                "subject": {
                    "reference": "Patient/smart-1520204"
                }, 
                "text": {
                    "div": "<div xmlns=\"http://www.w3.org/1999/xhtml\">2009-05-25: CRP SerPl HS-mCnc = 3.8 mg/L</div>", 
                    "status": "generated"
                }, 
                "valueQuantity": {
                    "code": "mg/L", 
                    "system": "http://unitsofmeasure.org", 
                    "unit": "mg/L", 
                    "value": 3.8
                }
            }
        }, 
        {
            "request": {
                "method": "PUT", 
                "url": "Condition/smart-Condition-194"
            }, 
            "resource": {
                "clinicalStatus": "active", 
                "code": {
                    "coding": [
                        {
                            "code": "267952008", 
                            "display": "Arthralgia of the pelvic region and thigh", 
                            "system": "http://snomed.info/sct"
                        }
                    ], 
                    "text": "Arthralgia of the pelvic region and thigh"
                }, 
                "id": "smart-Condition-194", 
                "onsetDateTime": "2007-07-08", 
                "resourceType": "Condition", 
                "subject": {
                    "reference": "Patient/smart-1520204"
                }, 
                "text": {
                    "div": "<div xmlns=\"http://www.w3.org/1999/xhtml\">Arthralgia of the pelvic region and thigh</div>", 
                    "status": "generated"
                }, 
                "verificationStatus": "confirmed"
            }
        }, 
        {
            "request": {
                "method": "PUT", 
                "url": "Condition/smart-Condition-195"
            }, 
            "resource": {
                "clinicalStatus": "active", 
                "code": {
                    "coding": [
                        {
                            "code": "13645005", 
                            "display": "Chronic obstructive lung disease", 
                            "system": "http://snomed.info/sct"
                        }
                    ], 
                    "text": "Chronic obstructive lung disease"
                }, 
                "id": "smart-Condition-195", 
                "onsetDateTime": "2007-07-08", 
                "resourceType": "Condition", 
                "subject": {
                    "reference": "Patient/smart-1520204"
                }, 
                "text": {
                    "div": "<div xmlns=\"http://www.w3.org/1999/xhtml\">Chronic obstructive lung disease</div>", 
                    "status": "generated"
                }, 
                "verificationStatus": "confirmed"
            }
        }, 
        {
            "request": {
                "method": "PUT", 
                "url": "Condition/smart-Condition-196"
            }, 
            "resource": {
                "clinicalStatus": "active", 
                "code": {
                    "coding": [
                        {
                            "code": "38341003", 
                            "display": "Essential hypertension", 
                            "system": "http://snomed.info/sct"
                        }
                    ], 
                    "text": "Essential hypertension"
                }, 
                "id": "smart-Condition-196", 
                "onsetDateTime": "2007-07-08", 
                "resourceType": "Condition", 
                "subject": {
                    "reference": "Patient/smart-1520204"
                }, 
                "text": {
                    "div": "<div xmlns=\"http://www.w3.org/1999/xhtml\">Essential hypertension</div>", 
                    "status": "generated"
                }, 
                "verificationStatus": "confirmed"
            }
        }, 
        {
            "request": {
                "method": "PUT", 
                "url": "Condition/smart-Condition-197"
            }, 
            "resource": {
                "clinicalStatus": "active", 
                "code": {
                    "coding": [
                        {
                            "code": "239872002", 
                            "display": "Osteoarthrosis, unspecified whether generalized or localized, involving pelvic region and thigh", 
                            "system": "http://snomed.info/sct"
                        }
                    ], 
                    "text": "Osteoarthrosis, unspecified whether generalized or localized, involving pelvic region and thigh"
                }, 
                "id": "smart-Condition-197", 
                "onsetDateTime": "2007-07-08", 
                "resourceType": "Condition", 
                "subject": {
                    "reference": "Patient/smart-1520204"
                }, 
                "text": {
                    "div": "<div xmlns=\"http://www.w3.org/1999/xhtml\">Osteoarthrosis, unspecified whether generalized or localized, involving pelvic region and thigh</div>", 
                    "status": "generated"
                }, 
                "verificationStatus": "confirmed"
            }
        }, 
        {
            "request": {
                "method": "PUT", 
                "url": "Condition/smart-Condition-198"
            }, 
            "resource": {
                "clinicalStatus": "active", 
                "code": {
                    "coding": [
                        {
                            "code": "89765005", 
                            "display": "Tobacco dependence syndrome", 
                            "system": "http://snomed.info/sct"
                        }
                    ], 
                    "text": "Tobacco dependence syndrome"
                }, 
                "id": "smart-Condition-198", 
                "onsetDateTime": "2007-07-08", 
                "resourceType": "Condition", 
                "subject": {
                    "reference": "Patient/smart-1520204"
                }, 
                "text": {
                    "div": "<div xmlns=\"http://www.w3.org/1999/xhtml\">Tobacco dependence syndrome</div>", 
                    "status": "generated"
                }, 
                "verificationStatus": "confirmed"
            }
        }, 
        {
            "request": {
                "method": "PUT", 
                "url": "Condition/smart-Condition-199"
            }, 
            "resource": {
                "clinicalStatus": "active", 
                "code": {
                    "coding": [
                        {
                            "code": "55822004", 
                            "display": "Hyperlipidemia", 
                            "system": "http://snomed.info/sct"
                        }
                    ], 
                    "text": "Hyperlipidemia"
                }, 
                "id": "smart-Condition-199", 
                "onsetDateTime": "2008-01-14", 
                "resourceType": "Condition", 
                "subject": {
                    "reference": "Patient/smart-1520204"
                }, 
                "text": {
                    "div": "<div xmlns=\"http://www.w3.org/1999/xhtml\">Hyperlipidemia</div>", 
                    "status": "generated"
                }, 
                "verificationStatus": "confirmed"
            }
        }, 
        {
            "request": {
                "method": "PUT", 
                "url": "Condition/smart-Condition-200"
            }, 
            "resource": {
                "clinicalStatus": "active", 
                "code": {
                    "coding": [
                        {
                            "code": "396275006", 
                            "display": "Osteoarthritis", 
                            "system": "http://snomed.info/sct"
                        }
                    ], 
                    "text": "Osteoarthritis"
                }, 
                "id": "smart-Condition-200", 
                "onsetDateTime": "2008-01-14", 
                "resourceType": "Condition", 
                "subject": {
                    "reference": "Patient/smart-1520204"
                }, 
                "text": {
                    "div": "<div xmlns=\"http://www.w3.org/1999/xhtml\">Osteoarthritis</div>", 
                    "status": "generated"
                }, 
                "verificationStatus": "confirmed"
            }
        }, 
        {
            "request": {
                "method": "PUT", 
                "url": "Condition/smart-Condition-201"
            }, 
            "resource": {
                "clinicalStatus": "active", 
                "code": {
                    "coding": [
                        {
                            "code": "53726008", 
                            "display": "Acute conjunctivitis", 
                            "system": "http://snomed.info/sct"
                        }
                    ], 
                    "text": "Acute conjunctivitis"
                }, 
                "id": "smart-Condition-201", 
                "onsetDateTime": "2008-04-24", 
                "resourceType": "Condition", 
                "subject": {
                    "reference": "Patient/smart-1520204"
                }, 
                "text": {
                    "div": "<div xmlns=\"http://www.w3.org/1999/xhtml\">Acute conjunctivitis</div>", 
                    "status": "generated"
                }, 
                "verificationStatus": "confirmed"
            }
        }, 
        {
            "request": {
                "method": "PUT", 
                "url": "Condition/smart-Condition-202"
            }, 
            "resource": {
                "clinicalStatus": "active", 
                "code": {
                    "coding": [
                        {
                            "code": "421961002", 
                            "display": "Allergy", 
                            "system": "http://snomed.info/sct"
                        }
                    ], 
                    "text": "Allergy"
                }, 
                "id": "smart-Condition-202", 
                "onsetDateTime": "2008-04-24", 
                "resourceType": "Condition", 
                "subject": {
                    "reference": "Patient/smart-1520204"
                }, 
                "text": {
                    "div": "<div xmlns=\"http://www.w3.org/1999/xhtml\">Allergy</div>", 
                    "status": "generated"
                }, 
                "verificationStatus": "confirmed"
            }
        }, 
        {
            "request": {
                "method": "PUT", 
                "url": "Condition/smart-Condition-203"
            }, 
            "resource": {
                "clinicalStatus": "active", 
                "code": {
                    "coding": [
                        {
                            "code": "161891005", 
                            "display": "Backache", 
                            "system": "http://snomed.info/sct"
                        }
                    ], 
                    "text": "Backache"
                }, 
                "id": "smart-Condition-203", 
                "onsetDateTime": "2008-09-02", 
                "resourceType": "Condition", 
                "subject": {
                    "reference": "Patient/smart-1520204"
                }, 
                "text": {
                    "div": "<div xmlns=\"http://www.w3.org/1999/xhtml\">Backache</div>", 
                    "status": "generated"
                }, 
                "verificationStatus": "confirmed"
            }
        }, 
        {
            "request": {
                "method": "PUT", 
                "url": "Condition/smart-Condition-204"
            }, 
            "resource": {
                "clinicalStatus": "active", 
                "code": {
                    "coding": [
                        {
                            "code": "32398004", 
                            "display": "Bronchitis", 
                            "system": "http://snomed.info/sct"
                        }
                    ], 
                    "text": "Bronchitis"
                }, 
                "id": "smart-Condition-204", 
                "onsetDateTime": "2008-09-02", 
                "resourceType": "Condition", 
                "subject": {
                    "reference": "Patient/smart-1520204"
                }, 
                "text": {
                    "div": "<div xmlns=\"http://www.w3.org/1999/xhtml\">Bronchitis</div>", 
                    "status": "generated"
                }, 
                "verificationStatus": "confirmed"
            }
        }, 
        {
            "request": {
                "method": "PUT", 
                "url": "Condition/smart-Condition-205"
            }, 
            "resource": {
                "clinicalStatus": "active", 
                "code": {
                    "coding": [
                        {
                            "code": "29857009", 
                            "display": "Chest pain", 
                            "system": "http://snomed.info/sct"
                        }
                    ], 
                    "text": "Chest pain"
                }, 
                "id": "smart-Condition-205", 
                "onsetDateTime": "2008-09-02", 
                "resourceType": "Condition", 
                "subject": {
                    "reference": "Patient/smart-1520204"
                }, 
                "text": {
                    "div": "<div xmlns=\"http://www.w3.org/1999/xhtml\">Chest pain</div>", 
                    "status": "generated"
                }, 
                "verificationStatus": "confirmed"
            }
        }, 
        {
            "request": {
                "method": "PUT", 
                "url": "Condition/smart-Condition-206"
            }, 
            "resource": {
                "clinicalStatus": "active", 
                "code": {
                    "coding": [
                        {
                            "code": "49727002", 
                            "display": "Cough", 
                            "system": "http://snomed.info/sct"
                        }
                    ], 
                    "text": "Cough"
                }, 
                "id": "smart-Condition-206", 
                "onsetDateTime": "2008-09-02", 
                "resourceType": "Condition", 
                "subject": {
                    "reference": "Patient/smart-1520204"
                }, 
                "text": {
                    "div": "<div xmlns=\"http://www.w3.org/1999/xhtml\">Cough</div>", 
                    "status": "generated"
                }, 
                "verificationStatus": "confirmed"
            }
        }, 
        {
            "request": {
                "method": "PUT", 
                "url": "Condition/smart-Condition-207"
            }, 
            "resource": {
                "clinicalStatus": "active", 
                "code": {
                    "coding": [
                        {
                            "code": "30989003", 
                            "display": "Arthralgia of the lower leg", 
                            "system": "http://snomed.info/sct"
                        }
                    ], 
                    "text": "Arthralgia of the lower leg"
                }, 
                "id": "smart-Condition-207", 
                "onsetDateTime": "2009-01-26", 
                "resourceType": "Condition", 
                "subject": {
                    "reference": "Patient/smart-1520204"
                }, 
                "text": {
                    "div": "<div xmlns=\"http://www.w3.org/1999/xhtml\">Arthralgia of the lower leg</div>", 
                    "status": "generated"
                }, 
                "verificationStatus": "confirmed"
            }
        }, 
        {
            "request": {
                "method": "PUT", 
                "url": "Condition/smart-Condition-208"
            }, 
            "resource": {
                "clinicalStatus": "active", 
                "code": {
                    "coding": [
                        {
                            "code": "1201005", 
                            "display": "Benign essential hypertension", 
                            "system": "http://snomed.info/sct"
                        }
                    ], 
                    "text": "Benign essential hypertension"
                }, 
                "id": "smart-Condition-208", 
                "onsetDateTime": "2009-01-26", 
                "resourceType": "Condition", 
                "subject": {
                    "reference": "Patient/smart-1520204"
                }, 
                "text": {
                    "div": "<div xmlns=\"http://www.w3.org/1999/xhtml\">Benign essential hypertension</div>", 
                    "status": "generated"
                }, 
                "verificationStatus": "confirmed"
            }
        }, 
        {
            "request": {
                "method": "PUT", 
                "url": "Condition/smart-Condition-209"
            }, 
            "resource": {
                "clinicalStatus": "active", 
                "code": {
                    "coding": [
                        {
                            "code": "267432004", 
                            "display": "Pure hypercholesterolemia", 
                            "system": "http://snomed.info/sct"
                        }
                    ], 
                    "text": "Pure hypercholesterolemia"
                }, 
                "id": "smart-Condition-209", 
                "onsetDateTime": "2009-01-26", 
                "resourceType": "Condition", 
                "subject": {
                    "reference": "Patient/smart-1520204"
                }, 
                "text": {
                    "div": "<div xmlns=\"http://www.w3.org/1999/xhtml\">Pure hypercholesterolemia</div>", 
                    "status": "generated"
                }, 
                "verificationStatus": "confirmed"
            }
        }, 
        {
            "request": {
                "method": "PUT", 
                "url": "Condition/smart-Condition-210"
            }, 
            "resource": {
                "clinicalStatus": "active", 
                "code": {
                    "coding": [
                        {
                            "code": "285381006", 
                            "display": "Acute exacerbation of chronic obstructive airways disease", 
                            "system": "http://snomed.info/sct"
                        }
                    ], 
                    "text": "Acute exacerbation of chronic obstructive airways disease"
                }, 
                "id": "smart-Condition-210", 
                "onsetDateTime": "2009-04-22", 
                "resourceType": "Condition", 
                "subject": {
                    "reference": "Patient/smart-1520204"
                }, 
                "text": {
                    "div": "<div xmlns=\"http://www.w3.org/1999/xhtml\">Acute exacerbation of chronic obstructive airways disease</div>", 
                    "status": "generated"
                }, 
                "verificationStatus": "confirmed"
            }
        }, 
        {
            "request": {
                "method": "PUT", 
                "url": "Condition/smart-Condition-211"
            }, 
            "resource": {
                "clinicalStatus": "active", 
                "code": {
                    "coding": [
                        {
                            "code": "3723001", 
                            "display": "Arthropathy", 
                            "system": "http://snomed.info/sct"
                        }
                    ], 
                    "text": "Arthropathy"
                }, 
                "id": "smart-Condition-211", 
                "onsetDateTime": "2009-04-22", 
                "resourceType": "Condition", 
                "subject": {
                    "reference": "Patient/smart-1520204"
                }, 
                "text": {
                    "div": "<div xmlns=\"http://www.w3.org/1999/xhtml\">Arthropathy</div>", 
                    "status": "generated"
                }, 
                "verificationStatus": "confirmed"
            }
        }, 
        {
            "request": {
                "method": "PUT", 
                "url": "Observation/smart-smokingstatus-22"
            }, 
            "resource": {
                "category": [
                    {
                        "coding": [
                            {
                                "code": "social-history", 
                                "display": "Social History", 
                                "system": "http://hl7.org/fhir/observation-category"
                            }
                        ], 
                        "text": "Social History"
                    }
                ], 
                "code": {
                    "coding": [
                        {
                            "code": "72166-2", 
                            "display": "Tobacco smoking status", 
                            "system": "http://loinc.org"
                        }
                    ], 
                    "text": "Tobacco smoking status"
                }, 
                "effectiveDateTime": "2016-07-20", 
                "id": "smart-smokingstatus-22", 
                "identifier": [
                    {
                        "system": "http://www.bmc.nl/zorgportal/identifiers/observations", 
                        "use": "official", 
                        "value": "smart-22"
                    }
                ], 
                "performer": [
                    {
                        "reference": "Practitioner/smart-Practitioner-71482713"
                    }
                ], 
                "resourceType": "Observation", 
                "status": "final", 
                "subject": {
                    "reference": "Patient/smart-1520204"
                }, 
                "text": {
                    "div": "<div xmlns=\"http://www.w3.org/1999/xhtml\">Tobacco smoking status: Unknown if ever smoked</div>", 
                    "status": "generated"
                }, 
                "valueCodeableConcept": {
                    "coding": [
                        {
                            "code": "266927001", 
                            "display": "Unknown if ever smoked", 
                            "system": "http://snomed.info/sct"
                        }
                    ], 
                    "text": "Unknown if ever smoked"
                }
            }
        }, 
        {
            "request": {
                "method": "PUT", 
                "url": "AllergyIntolerance/smart-AllergyIntolerance-31"
            }, 
            "resource": {
                "assertedDate": "2000", 
                "clinicalStatus": "active", 
                "code": {
                    "coding": [
                        {
                            "code": "716186003", 
                            "display": "No known allergies", 
                            "system": "http://snomed.info/sct"
                        }
                    ], 
                    "text": "No known allergies"
                }, 
                "id": "smart-AllergyIntolerance-31", 
                "patient": {
                    "reference": "Patient/smart-1520204"
                }, 
                "resourceType": "AllergyIntolerance", 
                "text": {
                    "div": "<div xmlns=\"http://www.w3.org/1999/xhtml\">No known allergies</div>", 
                    "status": "generated"
                }, 
                "verificationStatus": "confirmed"
            }
        }
    ], 
    "resourceType": "Bundle", 
    "type": "transaction"
}
