{
    "entry": [
        {
            "request": {
                "method": "PUT", 
                "url": "MedicationDispense/smart-MedicationDispense-954"
            }, 
            "resource": {
                "authorizingPrescription": [
                    {
                        "reference": "MedicationRequest/smart-MedicationRequest-88"
                    }
                ], 
                "daysSupply": {
                    "code": "d", 
                    "system": "http://unitsofmeasure.org", 
                    "unit": "days", 
                    "value": 90
                }, 
                "id": "smart-MedicationDispense-954", 
                "medicationCodeableConcept": {
                    "coding": [
                        {
                            "code": "314200", 
                            "display": "pantoprazole 40 MG Enteric Coated Tablet", 
                            "system": "http://www.nlm.nih.gov/research/umls/rxnorm"
                        }
                    ], 
                    "text": "pantoprazole 40 MG Enteric Coated Tablet"
                }, 
                "quantity": {
                    "code": "{tablets}", 
                    "system": "http://unitsofmeasure.org", 
                    "unit": "tablets", 
                    "value": 90.0
                }, 
                "resourceType": "MedicationDispense", 
                "status": "completed", 
                "subject": {
                    "reference": "Patient/smart-967332"
                }, 
                "text": {
                    "div": "<div xmlns=\"http://www.w3.org/1999/xhtml\">Dispensed 90 tablets = 90 day supply of pantoprazole 40 MG Enteric Coated Tablet</div>", 
                    "status": "generated"
                }, 
                "whenHandedOver": "2009-09-21"
            }
        }, 
        {
            "request": {
                "method": "PUT", 
                "url": "MedicationDispense/smart-MedicationDispense-949"
            }, 
            "resource": {
                "authorizingPrescription": [
                    {
                        "reference": "MedicationRequest/smart-MedicationRequest-88"
                    }
                ], 
                "daysSupply": {
                    "code": "d", 
                    "system": "http://unitsofmeasure.org", 
                    "unit": "days", 
                    "value": 90
                }, 
                "id": "smart-MedicationDispense-949", 
                "medicationCodeableConcept": {
                    "coding": [
                        {
                            "code": "314200", 
                            "display": "pantoprazole 40 MG Enteric Coated Tablet", 
                            "system": "http://www.nlm.nih.gov/research/umls/rxnorm"
                        }
                    ], 
                    "text": "pantoprazole 40 MG Enteric Coated Tablet"
                }, 
                "quantity": {
                    "code": "{tablets}", 
                    "system": "http://unitsofmeasure.org", 
                    "unit": "tablets", 
                    "value": 90.0
                }, 
                "resourceType": "MedicationDispense", 
                "status": "completed", 
                "subject": {
                    "reference": "Patient/smart-967332"
                }, 
                "text": {
                    "div": "<div xmlns=\"http://www.w3.org/1999/xhtml\">Dispensed 90 tablets = 90 day supply of pantoprazole 40 MG Enteric Coated Tablet</div>", 
                    "status": "generated"
                }, 
                "whenHandedOver": "2008-12-13"
            }
        }, 
        {
            "request": {
                "method": "PUT", 
                "url": "MedicationDispense/smart-MedicationDispense-947"
            }, 
            "resource": {
                "authorizingPrescription": [
                    {
                        "reference": "MedicationRequest/smart-MedicationRequest-88"
                    }
                ], 
                "daysSupply": {
                    "code": "d", 
                    "system": "http://unitsofmeasure.org", 
                    "unit": "days", 
                    "value": 30
                }, 
                "id": "smart-MedicationDispense-947", 
                "medicationCodeableConcept": {
                    "coding": [
                        {
                            "code": "314200", 
                            "display": "pantoprazole 40 MG Enteric Coated Tablet", 
                            "system": "http://www.nlm.nih.gov/research/umls/rxnorm"
                        }
                    ], 
                    "text": "pantoprazole 40 MG Enteric Coated Tablet"
                }, 
                "quantity": {
                    "code": "{tablets}", 
                    "system": "http://unitsofmeasure.org", 
                    "unit": "tablets", 
                    "value": 30.0
                }, 
                "resourceType": "MedicationDispense", 
                "status": "completed", 
                "subject": {
                    "reference": "Patient/smart-967332"
                }, 
                "text": {
                    "div": "<div xmlns=\"http://www.w3.org/1999/xhtml\">Dispensed 30 tablets = 30 day supply of pantoprazole 40 MG Enteric Coated Tablet</div>", 
                    "status": "generated"
                }, 
                "whenHandedOver": "2008-12-01"
            }
        }, 
        {
            "request": {
                "method": "PUT", 
                "url": "MedicationDispense/smart-MedicationDispense-951"
            }, 
            "resource": {
                "authorizingPrescription": [
                    {
                        "reference": "MedicationRequest/smart-MedicationRequest-88"
                    }
                ], 
                "daysSupply": {
                    "code": "d", 
                    "system": "http://unitsofmeasure.org", 
                    "unit": "days", 
                    "value": 90
                }, 
                "id": "smart-MedicationDispense-951", 
                "medicationCodeableConcept": {
                    "coding": [
                        {
                            "code": "314200", 
                            "display": "pantoprazole 40 MG Enteric Coated Tablet", 
                            "system": "http://www.nlm.nih.gov/research/umls/rxnorm"
                        }
                    ], 
                    "text": "pantoprazole 40 MG Enteric Coated Tablet"
                }, 
                "quantity": {
                    "code": "{tablets}", 
                    "system": "http://unitsofmeasure.org", 
                    "unit": "tablets", 
                    "value": 90.0
                }, 
                "resourceType": "MedicationDispense", 
                "status": "completed", 
                "subject": {
                    "reference": "Patient/smart-967332"
                }, 
                "text": {
                    "div": "<div xmlns=\"http://www.w3.org/1999/xhtml\">Dispensed 90 tablets = 90 day supply of pantoprazole 40 MG Enteric Coated Tablet</div>", 
                    "status": "generated"
                }, 
                "whenHandedOver": "2009-03-30"
            }
        }, 
        {
            "request": {
                "method": "PUT", 
                "url": "MedicationDispense/smart-MedicationDispense-943"
            }, 
            "resource": {
                "authorizingPrescription": [
                    {
                        "reference": "MedicationRequest/smart-MedicationRequest-88"
                    }
                ], 
                "daysSupply": {
                    "code": "d", 
                    "system": "http://unitsofmeasure.org", 
                    "unit": "days", 
                    "value": 30
                }, 
                "id": "smart-MedicationDispense-943", 
                "medicationCodeableConcept": {
                    "coding": [
                        {
                            "code": "314200", 
                            "display": "pantoprazole 40 MG Enteric Coated Tablet", 
                            "system": "http://www.nlm.nih.gov/research/umls/rxnorm"
                        }
                    ], 
                    "text": "pantoprazole 40 MG Enteric Coated Tablet"
                }, 
                "quantity": {
                    "code": "{tablets}", 
                    "system": "http://unitsofmeasure.org", 
                    "unit": "tablets", 
                    "value": 30.0
                }, 
                "resourceType": "MedicationDispense", 
                "status": "completed", 
                "subject": {
                    "reference": "Patient/smart-967332"
                }, 
                "text": {
                    "div": "<div xmlns=\"http://www.w3.org/1999/xhtml\">Dispensed 30 tablets = 30 day supply of pantoprazole 40 MG Enteric Coated Tablet</div>", 
                    "status": "generated"
                }, 
                "whenHandedOver": "2008-10-03"
            }
        }, 
        {
            "request": {
                "method": "PUT", 
                "url": "MedicationDispense/smart-MedicationDispense-953"
            }, 
            "resource": {
                "authorizingPrescription": [
                    {
                        "reference": "MedicationRequest/smart-MedicationRequest-88"
                    }
                ], 
                "daysSupply": {
                    "code": "d", 
                    "system": "http://unitsofmeasure.org", 
                    "unit": "days", 
                    "value": 90
                }, 
                "id": "smart-MedicationDispense-953", 
                "medicationCodeableConcept": {
                    "coding": [
                        {
                            "code": "314200", 
                            "display": "pantoprazole 40 MG Enteric Coated Tablet", 
                            "system": "http://www.nlm.nih.gov/research/umls/rxnorm"
                        }
                    ], 
                    "text": "pantoprazole 40 MG Enteric Coated Tablet"
                }, 
                "quantity": {
                    "code": "{tablets}", 
                    "system": "http://unitsofmeasure.org", 
                    "unit": "tablets", 
                    "value": 90.0
                }, 
                "resourceType": "MedicationDispense", 
                "status": "completed", 
                "subject": {
                    "reference": "Patient/smart-967332"
                }, 
                "text": {
                    "div": "<div xmlns=\"http://www.w3.org/1999/xhtml\">Dispensed 90 tablets = 90 day supply of pantoprazole 40 MG Enteric Coated Tablet</div>", 
                    "status": "generated"
                }, 
                "whenHandedOver": "2009-07-02"
            }
        }, 
        {
            "request": {
                "method": "PUT", 
                "url": "MedicationDispense/smart-MedicationDispense-941"
            }, 
            "resource": {
                "authorizingPrescription": [
                    {
                        "reference": "MedicationRequest/smart-MedicationRequest-88"
                    }
                ], 
                "daysSupply": {
                    "code": "d", 
                    "system": "http://unitsofmeasure.org", 
                    "unit": "days", 
                    "value": 34
                }, 
                "id": "smart-MedicationDispense-941", 
                "medicationCodeableConcept": {
                    "coding": [
                        {
                            "code": "314200", 
                            "display": "pantoprazole 40 MG Enteric Coated Tablet", 
                            "system": "http://www.nlm.nih.gov/research/umls/rxnorm"
                        }
                    ], 
                    "text": "pantoprazole 40 MG Enteric Coated Tablet"
                }, 
                "quantity": {
                    "code": "{tablets}", 
                    "system": "http://unitsofmeasure.org", 
                    "unit": "tablets", 
                    "value": 34.0
                }, 
                "resourceType": "MedicationDispense", 
                "status": "completed", 
                "subject": {
                    "reference": "Patient/smart-967332"
                }, 
                "text": {
                    "div": "<div xmlns=\"http://www.w3.org/1999/xhtml\">Dispensed 34 tablets = 34 day supply of pantoprazole 40 MG Enteric Coated Tablet</div>", 
                    "status": "generated"
                }, 
                "whenHandedOver": "2008-08-31"
            }
        }, 
        {
            "request": {
                "method": "PUT", 
                "url": "MedicationDispense/smart-MedicationDispense-945"
            }, 
            "resource": {
                "authorizingPrescription": [
                    {
                        "reference": "MedicationRequest/smart-MedicationRequest-88"
                    }
                ], 
                "daysSupply": {
                    "code": "d", 
                    "system": "http://unitsofmeasure.org", 
                    "unit": "days", 
                    "value": 30
                }, 
                "id": "smart-MedicationDispense-945", 
                "medicationCodeableConcept": {
                    "coding": [
                        {
                            "code": "314200", 
                            "display": "pantoprazole 40 MG Enteric Coated Tablet", 
                            "system": "http://www.nlm.nih.gov/research/umls/rxnorm"
                        }
                    ], 
                    "text": "pantoprazole 40 MG Enteric Coated Tablet"
                }, 
                "quantity": {
                    "code": "{tablets}", 
                    "system": "http://unitsofmeasure.org", 
                    "unit": "tablets", 
                    "value": 30.0
                }, 
                "resourceType": "MedicationDispense", 
                "status": "completed", 
                "subject": {
                    "reference": "Patient/smart-967332"
                }, 
                "text": {
                    "div": "<div xmlns=\"http://www.w3.org/1999/xhtml\">Dispensed 30 tablets = 30 day supply of pantoprazole 40 MG Enteric Coated Tablet</div>", 
                    "status": "generated"
                }, 
                "whenHandedOver": "2008-11-03"
            }
        }, 
        {
            "request": {
                "method": "PUT", 
                "url": "MedicationRequest/smart-MedicationRequest-89"
            }, 
            "resource": {
                "dispenseRequest": {
                    "expectedSupplyDuration": {
                        "code": "d", 
                        "system": "http://unitsofmeasure.org", 
                        "unit": "days", 
                        "value": 30
                    }, 
                    "numberOfRepeatsAllowed": 1, 
                    "quantity": {
                        "code": "{tablet}", 
                        "system": "http://unitsofmeasure.org", 
                        "unit": "{tablet}", 
                        "value": 30.0
                    }
                }, 
                "dosageInstruction": [
                    {
                        "doseQuantity": {
                            "code": "{tablet}", 
                            "system": "http://unitsofmeasure.org", 
                            "unit": "{tablet}", 
                            "value": 1.0
                        }, 
                        "text": "1 qhs", 
                        "timing": {
                            "repeat": {
                                "boundsPeriod": {
                                    "start": "2008-08-22"
                                }, 
                                "frequency": 1, 
                                "period": 1, 
                                "periodUnit": "d"
                            }
                        }
                    }
                ], 
                "id": "smart-MedicationRequest-89", 
                "intent": "order", 
                "medicationCodeableConcept": {
                    "coding": [
                        {
                            "code": "311945", 
                            "display": "Niacin 1000 MG Extended Release Tablet [Niaspan]", 
                            "system": "http://www.nlm.nih.gov/research/umls/rxnorm"
                        }
                    ], 
                    "text": "Niacin 1000 MG Extended Release Tablet [Niaspan]"
                }, 
                "resourceType": "MedicationRequest", 
                "status": "active", 
                "subject": {
                    "reference": "Patient/smart-967332"
                }, 
                "text": {
                    "div": "<div xmlns=\"http://www.w3.org/1999/xhtml\">Niacin 1000 MG Extended Release Tablet [Niaspan] (rxnorm: 311945)</div>", 
                    "status": "generated"
                }
            }
        }, 
        {
            "request": {
                "method": "PUT", 
                "url": "MedicationDispense/smart-MedicationDispense-1004"
            }, 
            "resource": {
                "authorizingPrescription": [
                    {
                        "reference": "MedicationRequest/smart-MedicationRequest-89"
                    }
                ], 
                "daysSupply": {
                    "code": "d", 
                    "system": "http://unitsofmeasure.org", 
                    "unit": "days", 
                    "value": 30
                }, 
                "id": "smart-MedicationDispense-1004", 
                "medicationCodeableConcept": {
                    "coding": [
                        {
                            "code": "311945", 
                            "display": "Niacin 1000 MG Extended Release Tablet [Niaspan]", 
                            "system": "http://www.nlm.nih.gov/research/umls/rxnorm"
                        }
                    ], 
                    "text": "Niacin 1000 MG Extended Release Tablet [Niaspan]"
                }, 
                "quantity": {
                    "code": "{tablets}", 
                    "system": "http://unitsofmeasure.org", 
                    "unit": "tablets", 
                    "value": 30.0
                }, 
                "resourceType": "MedicationDispense", 
                "status": "completed", 
                "subject": {
                    "reference": "Patient/smart-967332"
                }, 
                "text": {
                    "div": "<div xmlns=\"http://www.w3.org/1999/xhtml\">Dispensed 30 tablets = 30 day supply of Niacin 1000 MG Extended Release Tablet [Niaspan]</div>", 
                    "status": "generated"
                }, 
                "whenHandedOver": "2009-04-13"
            }
        }, 
        {
            "request": {
                "method": "PUT", 
                "url": "MedicationDispense/smart-MedicationDispense-998"
            }, 
            "resource": {
                "authorizingPrescription": [
                    {
                        "reference": "MedicationRequest/smart-MedicationRequest-89"
                    }
                ], 
                "daysSupply": {
                    "code": "d", 
                    "system": "http://unitsofmeasure.org", 
                    "unit": "days", 
                    "value": 30
                }, 
                "id": "smart-MedicationDispense-998", 
                "medicationCodeableConcept": {
                    "coding": [
                        {
                            "code": "311945", 
                            "display": "Niacin 1000 MG Extended Release Tablet [Niaspan]", 
                            "system": "http://www.nlm.nih.gov/research/umls/rxnorm"
                        }
                    ], 
                    "text": "Niacin 1000 MG Extended Release Tablet [Niaspan]"
                }, 
                "quantity": {
                    "code": "{tablets}", 
                    "system": "http://unitsofmeasure.org", 
                    "unit": "tablets", 
                    "value": 30.0
                }, 
                "resourceType": "MedicationDispense", 
                "status": "completed", 
                "subject": {
                    "reference": "Patient/smart-967332"
                }, 
                "text": {
                    "div": "<div xmlns=\"http://www.w3.org/1999/xhtml\">Dispensed 30 tablets = 30 day supply of Niacin 1000 MG Extended Release Tablet [Niaspan]</div>", 
                    "status": "generated"
                }, 
                "whenHandedOver": "2009-01-01"
            }
        }, 
        {
            "request": {
                "method": "PUT", 
                "url": "MedicationDispense/smart-MedicationDispense-994"
            }, 
            "resource": {
                "authorizingPrescription": [
                    {
                        "reference": "MedicationRequest/smart-MedicationRequest-89"
                    }
                ], 
                "daysSupply": {
                    "code": "d", 
                    "system": "http://unitsofmeasure.org", 
                    "unit": "days", 
                    "value": 30
                }, 
                "id": "smart-MedicationDispense-994", 
                "medicationCodeableConcept": {
                    "coding": [
                        {
                            "code": "311945", 
                            "display": "Niacin 1000 MG Extended Release Tablet [Niaspan]", 
                            "system": "http://www.nlm.nih.gov/research/umls/rxnorm"
                        }
                    ], 
                    "text": "Niacin 1000 MG Extended Release Tablet [Niaspan]"
                }, 
                "quantity": {
                    "code": "{tablets}", 
                    "system": "http://unitsofmeasure.org", 
                    "unit": "tablets", 
                    "value": 30.0
                }, 
                "resourceType": "MedicationDispense", 
                "status": "completed", 
                "subject": {
                    "reference": "Patient/smart-967332"
                }, 
                "text": {
                    "div": "<div xmlns=\"http://www.w3.org/1999/xhtml\">Dispensed 30 tablets = 30 day supply of Niacin 1000 MG Extended Release Tablet [Niaspan]</div>", 
                    "status": "generated"
                }, 
                "whenHandedOver": "2008-10-23"
            }
        }, 
        {
            "request": {
                "method": "PUT", 
                "url": "MedicationDispense/smart-MedicationDispense-1002"
            }, 
            "resource": {
                "authorizingPrescription": [
                    {
                        "reference": "MedicationRequest/smart-MedicationRequest-89"
                    }
                ], 
                "daysSupply": {
                    "code": "d", 
                    "system": "http://unitsofmeasure.org", 
                    "unit": "days", 
                    "value": 30
                }, 
                "id": "smart-MedicationDispense-1002", 
                "medicationCodeableConcept": {
                    "coding": [
                        {
                            "code": "311945", 
                            "display": "Niacin 1000 MG Extended Release Tablet [Niaspan]", 
                            "system": "http://www.nlm.nih.gov/research/umls/rxnorm"
                        }
                    ], 
                    "text": "Niacin 1000 MG Extended Release Tablet [Niaspan]"
                }, 
                "quantity": {
                    "code": "{tablets}", 
                    "system": "http://unitsofmeasure.org", 
                    "unit": "tablets", 
                    "value": 30.0
                }, 
                "resourceType": "MedicationDispense", 
                "status": "completed", 
                "subject": {
                    "reference": "Patient/smart-967332"
                }, 
                "text": {
                    "div": "<div xmlns=\"http://www.w3.org/1999/xhtml\">Dispensed 30 tablets = 30 day supply of Niacin 1000 MG Extended Release Tablet [Niaspan]</div>", 
                    "status": "generated"
                }, 
                "whenHandedOver": "2009-03-10"
            }
        }, 
        {
            "request": {
                "method": "PUT", 
                "url": "MedicationDispense/smart-MedicationDispense-1007"
            }, 
            "resource": {
                "authorizingPrescription": [
                    {
                        "reference": "MedicationRequest/smart-MedicationRequest-89"
                    }
                ], 
                "daysSupply": {
                    "code": "d", 
                    "system": "http://unitsofmeasure.org", 
                    "unit": "days", 
                    "value": 90
                }, 
                "id": "smart-MedicationDispense-1007", 
                "medicationCodeableConcept": {
                    "coding": [
                        {
                            "code": "311945", 
                            "display": "Niacin 1000 MG Extended Release Tablet [Niaspan]", 
                            "system": "http://www.nlm.nih.gov/research/umls/rxnorm"
                        }
                    ], 
                    "text": "Niacin 1000 MG Extended Release Tablet [Niaspan]"
                }, 
                "quantity": {
                    "code": "{tablets}", 
                    "system": "http://unitsofmeasure.org", 
                    "unit": "tablets", 
                    "value": 90.0
                }, 
                "resourceType": "MedicationDispense", 
                "status": "completed", 
                "subject": {
                    "reference": "Patient/smart-967332"
                }, 
                "text": {
                    "div": "<div xmlns=\"http://www.w3.org/1999/xhtml\">Dispensed 90 tablets = 90 day supply of Niacin 1000 MG Extended Release Tablet [Niaspan]</div>", 
                    "status": "generated"
                }, 
                "whenHandedOver": "2009-08-21"
            }
        }, 
        {
            "request": {
                "method": "PUT", 
                "url": "MedicationDispense/smart-MedicationDispense-1000"
            }, 
            "resource": {
                "authorizingPrescription": [
                    {
                        "reference": "MedicationRequest/smart-MedicationRequest-89"
                    }
                ], 
                "daysSupply": {
                    "code": "d", 
                    "system": "http://unitsofmeasure.org", 
                    "unit": "days", 
                    "value": 30
                }, 
                "id": "smart-MedicationDispense-1000", 
                "medicationCodeableConcept": {
                    "coding": [
                        {
                            "code": "311945", 
                            "display": "Niacin 1000 MG Extended Release Tablet [Niaspan]", 
                            "system": "http://www.nlm.nih.gov/research/umls/rxnorm"
                        }
                    ], 
                    "text": "Niacin 1000 MG Extended Release Tablet [Niaspan]"
                }, 
                "quantity": {
                    "code": "{tablets}", 
                    "system": "http://unitsofmeasure.org", 
                    "unit": "tablets", 
                    "value": 30.0
                }, 
                "resourceType": "MedicationDispense", 
                "status": "completed", 
                "subject": {
                    "reference": "Patient/smart-967332"
                }, 
                "text": {
                    "div": "<div xmlns=\"http://www.w3.org/1999/xhtml\">Dispensed 30 tablets = 30 day supply of Niacin 1000 MG Extended Release Tablet [Niaspan]</div>", 
                    "status": "generated"
                }, 
                "whenHandedOver": "2009-02-01"
            }
        }, 
        {
            "request": {
                "method": "PUT", 
                "url": "MedicationDispense/smart-MedicationDispense-993"
            }, 
            "resource": {
                "authorizingPrescription": [
                    {
                        "reference": "MedicationRequest/smart-MedicationRequest-89"
                    }
                ], 
                "daysSupply": {
                    "code": "d", 
                    "system": "http://unitsofmeasure.org", 
                    "unit": "days", 
                    "value": 30
                }, 
                "id": "smart-MedicationDispense-993", 
                "medicationCodeableConcept": {
                    "coding": [
                        {
                            "code": "311945", 
                            "display": "Niacin 1000 MG Extended Release Tablet [Niaspan]", 
                            "system": "http://www.nlm.nih.gov/research/umls/rxnorm"
                        }
                    ], 
                    "text": "Niacin 1000 MG Extended Release Tablet [Niaspan]"
                }, 
                "quantity": {
                    "code": "{tablets}", 
                    "system": "http://unitsofmeasure.org", 
                    "unit": "tablets", 
                    "value": 30.0
                }, 
                "resourceType": "MedicationDispense", 
                "status": "completed", 
                "subject": {
                    "reference": "Patient/smart-967332"
                }, 
                "text": {
                    "div": "<div xmlns=\"http://www.w3.org/1999/xhtml\">Dispensed 30 tablets = 30 day supply of Niacin 1000 MG Extended Release Tablet [Niaspan]</div>", 
                    "status": "generated"
                }, 
                "whenHandedOver": "2008-08-22"
            }
        }, 
        {
            "request": {
                "method": "PUT", 
                "url": "MedicationDispense/smart-MedicationDispense-1006"
            }, 
            "resource": {
                "authorizingPrescription": [
                    {
                        "reference": "MedicationRequest/smart-MedicationRequest-89"
                    }
                ], 
                "daysSupply": {
                    "code": "d", 
                    "system": "http://unitsofmeasure.org", 
                    "unit": "days", 
                    "value": 90
                }, 
                "id": "smart-MedicationDispense-1006", 
                "medicationCodeableConcept": {
                    "coding": [
                        {
                            "code": "311945", 
                            "display": "Niacin 1000 MG Extended Release Tablet [Niaspan]", 
                            "system": "http://www.nlm.nih.gov/research/umls/rxnorm"
                        }
                    ], 
                    "text": "Niacin 1000 MG Extended Release Tablet [Niaspan]"
                }, 
                "quantity": {
                    "code": "{tablets}", 
                    "system": "http://unitsofmeasure.org", 
                    "unit": "tablets", 
                    "value": 90.0
                }, 
                "resourceType": "MedicationDispense", 
                "status": "completed", 
                "subject": {
                    "reference": "Patient/smart-967332"
                }, 
                "text": {
                    "div": "<div xmlns=\"http://www.w3.org/1999/xhtml\">Dispensed 90 tablets = 90 day supply of Niacin 1000 MG Extended Release Tablet [Niaspan]</div>", 
                    "status": "generated"
                }, 
                "whenHandedOver": "2009-05-08"
            }
        }, 
        {
            "request": {
                "method": "PUT", 
                "url": "MedicationDispense/smart-MedicationDispense-996"
            }, 
            "resource": {
                "authorizingPrescription": [
                    {
                        "reference": "MedicationRequest/smart-MedicationRequest-89"
                    }
                ], 
                "daysSupply": {
                    "code": "d", 
                    "system": "http://unitsofmeasure.org", 
                    "unit": "days", 
                    "value": 30
                }, 
                "id": "smart-MedicationDispense-996", 
                "medicationCodeableConcept": {
                    "coding": [
                        {
                            "code": "311945", 
                            "display": "Niacin 1000 MG Extended Release Tablet [Niaspan]", 
                            "system": "http://www.nlm.nih.gov/research/umls/rxnorm"
                        }
                    ], 
                    "text": "Niacin 1000 MG Extended Release Tablet [Niaspan]"
                }, 
                "quantity": {
                    "code": "{tablets}", 
                    "system": "http://unitsofmeasure.org", 
                    "unit": "tablets", 
                    "value": 30.0
                }, 
                "resourceType": "MedicationDispense", 
                "status": "completed", 
                "subject": {
                    "reference": "Patient/smart-967332"
                }, 
                "text": {
                    "div": "<div xmlns=\"http://www.w3.org/1999/xhtml\">Dispensed 30 tablets = 30 day supply of Niacin 1000 MG Extended Release Tablet [Niaspan]</div>", 
                    "status": "generated"
                }, 
                "whenHandedOver": "2008-11-20"
            }
        }, 
        {
            "request": {
                "method": "PUT", 
                "url": "MedicationRequest/smart-MedicationRequest-90"
            }, 
            "resource": {
                "dispenseRequest": {
                    "expectedSupplyDuration": {
                        "code": "d", 
                        "system": "http://unitsofmeasure.org", 
                        "unit": "days", 
                        "value": 30
                    }, 
                    "numberOfRepeatsAllowed": 1, 
                    "quantity": {
                        "code": "{tablet}", 
                        "system": "http://unitsofmeasure.org", 
                        "unit": "{tablet}", 
                        "value": 60.0
                    }
                }, 
                "dosageInstruction": [
                    {
                        "doseQuantity": {
                            "code": "{tablet}", 
                            "system": "http://unitsofmeasure.org", 
                            "unit": "{tablet}", 
                            "value": 1.0
                        }, 
                        "text": "1 bid", 
                        "timing": {
                            "repeat": {
                                "boundsPeriod": {
                                    "start": "2008-10-31"
                                }, 
                                "frequency": 2, 
                                "period": 1, 
                                "periodUnit": "d"
                            }
                        }
                    }
                ], 
                "id": "smart-MedicationRequest-90", 
                "intent": "order", 
                "medicationCodeableConcept": {
                    "coding": [
                        {
                            "code": "860981", 
                            "display": "Metformin 750 MG Extended Release Tablet", 
                            "system": "http://www.nlm.nih.gov/research/umls/rxnorm"
                        }
                    ], 
                    "text": "Metformin 750 MG Extended Release Tablet"
                }, 
                "resourceType": "MedicationRequest", 
                "status": "active", 
                "subject": {
                    "reference": "Patient/smart-967332"
                }, 
                "text": {
                    "div": "<div xmlns=\"http://www.w3.org/1999/xhtml\">Metformin 750 MG Extended Release Tablet (rxnorm: 860981)</div>", 
                    "status": "generated"
                }
            }
        }, 
        {
            "request": {
                "method": "PUT", 
                "url": "MedicationDispense/smart-MedicationDispense-1073"
            }, 
            "resource": {
                "authorizingPrescription": [
                    {
                        "reference": "MedicationRequest/smart-MedicationRequest-90"
                    }
                ], 
                "daysSupply": {
                    "code": "d", 
                    "system": "http://unitsofmeasure.org", 
                    "unit": "days", 
                    "value": 90
                }, 
                "id": "smart-MedicationDispense-1073", 
                "medicationCodeableConcept": {
                    "coding": [
                        {
                            "code": "860981", 
                            "display": "Metformin 750 MG Extended Release Tablet", 
                            "system": "http://www.nlm.nih.gov/research/umls/rxnorm"
                        }
                    ], 
                    "text": "Metformin 750 MG Extended Release Tablet"
                }, 
                "quantity": {
                    "code": "{tablets}", 
                    "system": "http://unitsofmeasure.org", 
                    "unit": "tablets", 
                    "value": 180.0
                }, 
                "resourceType": "MedicationDispense", 
                "status": "completed", 
                "subject": {
                    "reference": "Patient/smart-967332"
                }, 
                "text": {
                    "div": "<div xmlns=\"http://www.w3.org/1999/xhtml\">Dispensed 180 tablets = 90 day supply of Metformin 750 MG Extended Release Tablet</div>", 
                    "status": "generated"
                }, 
                "whenHandedOver": "2009-08-08"
            }
        }, 
        {
            "request": {
                "method": "PUT", 
                "url": "MedicationDispense/smart-MedicationDispense-1066"
            }, 
            "resource": {
                "authorizingPrescription": [
                    {
                        "reference": "MedicationRequest/smart-MedicationRequest-90"
                    }
                ], 
                "daysSupply": {
                    "code": "d", 
                    "system": "http://unitsofmeasure.org", 
                    "unit": "days", 
                    "value": 30
                }, 
                "id": "smart-MedicationDispense-1066", 
                "medicationCodeableConcept": {
                    "coding": [
                        {
                            "code": "860981", 
                            "display": "Metformin 750 MG Extended Release Tablet", 
                            "system": "http://www.nlm.nih.gov/research/umls/rxnorm"
                        }
                    ], 
                    "text": "Metformin 750 MG Extended Release Tablet"
                }, 
                "quantity": {
                    "code": "{tablets}", 
                    "system": "http://unitsofmeasure.org", 
                    "unit": "tablets", 
                    "value": 30.0
                }, 
                "resourceType": "MedicationDispense", 
                "status": "completed", 
                "subject": {
                    "reference": "Patient/smart-967332"
                }, 
                "text": {
                    "div": "<div xmlns=\"http://www.w3.org/1999/xhtml\">Dispensed 30 tablets = 30 day supply of Metformin 750 MG Extended Release Tablet</div>", 
                    "status": "generated"
                }, 
                "whenHandedOver": "2008-12-01"
            }
        }, 
        {
            "request": {
                "method": "PUT", 
                "url": "MedicationDispense/smart-MedicationDispense-1064"
            }, 
            "resource": {
                "authorizingPrescription": [
                    {
                        "reference": "MedicationRequest/smart-MedicationRequest-90"
                    }
                ], 
                "daysSupply": {
                    "code": "d", 
                    "system": "http://unitsofmeasure.org", 
                    "unit": "days", 
                    "value": 30
                }, 
                "id": "smart-MedicationDispense-1064", 
                "medicationCodeableConcept": {
                    "coding": [
                        {
                            "code": "860981", 
                            "display": "Metformin 750 MG Extended Release Tablet", 
                            "system": "http://www.nlm.nih.gov/research/umls/rxnorm"
                        }
                    ], 
                    "text": "Metformin 750 MG Extended Release Tablet"
                }, 
                "quantity": {
                    "code": "{tablets}", 
                    "system": "http://unitsofmeasure.org", 
                    "unit": "tablets", 
                    "value": 30.0
                }, 
                "resourceType": "MedicationDispense", 
                "status": "completed", 
                "subject": {
                    "reference": "Patient/smart-967332"
                }, 
                "text": {
                    "div": "<div xmlns=\"http://www.w3.org/1999/xhtml\">Dispensed 30 tablets = 30 day supply of Metformin 750 MG Extended Release Tablet</div>", 
                    "status": "generated"
                }, 
                "whenHandedOver": "2008-10-31"
            }
        }, 
        {
            "request": {
                "method": "PUT", 
                "url": "MedicationDispense/smart-MedicationDispense-1068"
            }, 
            "resource": {
                "authorizingPrescription": [
                    {
                        "reference": "MedicationRequest/smart-MedicationRequest-90"
                    }
                ], 
                "daysSupply": {
                    "code": "d", 
                    "system": "http://unitsofmeasure.org", 
                    "unit": "days", 
                    "value": 90
                }, 
                "id": "smart-MedicationDispense-1068", 
                "medicationCodeableConcept": {
                    "coding": [
                        {
                            "code": "860981", 
                            "display": "Metformin 750 MG Extended Release Tablet", 
                            "system": "http://www.nlm.nih.gov/research/umls/rxnorm"
                        }
                    ], 
                    "text": "Metformin 750 MG Extended Release Tablet"
                }, 
                "quantity": {
                    "code": "{tablets}", 
                    "system": "http://unitsofmeasure.org", 
                    "unit": "tablets", 
                    "value": 90.0
                }, 
                "resourceType": "MedicationDispense", 
                "status": "completed", 
                "subject": {
                    "reference": "Patient/smart-967332"
                }, 
                "text": {
                    "div": "<div xmlns=\"http://www.w3.org/1999/xhtml\">Dispensed 90 tablets = 90 day supply of Metformin 750 MG Extended Release Tablet</div>", 
                    "status": "generated"
                }, 
                "whenHandedOver": "2008-12-13"
            }
        }, 
        {
            "request": {
                "method": "PUT", 
                "url": "MedicationDispense/smart-MedicationDispense-1072"
            }, 
            "resource": {
                "authorizingPrescription": [
                    {
                        "reference": "MedicationRequest/smart-MedicationRequest-90"
                    }
                ], 
                "daysSupply": {
                    "code": "d", 
                    "system": "http://unitsofmeasure.org", 
                    "unit": "days", 
                    "value": 90
                }, 
                "id": "smart-MedicationDispense-1072", 
                "medicationCodeableConcept": {
                    "coding": [
                        {
                            "code": "860981", 
                            "display": "Metformin 750 MG Extended Release Tablet", 
                            "system": "http://www.nlm.nih.gov/research/umls/rxnorm"
                        }
                    ], 
                    "text": "Metformin 750 MG Extended Release Tablet"
                }, 
                "quantity": {
                    "code": "{tablets}", 
                    "system": "http://unitsofmeasure.org", 
                    "unit": "tablets", 
                    "value": 180.0
                }, 
                "resourceType": "MedicationDispense", 
                "status": "completed", 
                "subject": {
                    "reference": "Patient/smart-967332"
                }, 
                "text": {
                    "div": "<div xmlns=\"http://www.w3.org/1999/xhtml\">Dispensed 180 tablets = 90 day supply of Metformin 750 MG Extended Release Tablet</div>", 
                    "status": "generated"
                }, 
                "whenHandedOver": "2009-05-08"
            }
        }, 
        {
            "request": {
                "method": "PUT", 
                "url": "MedicationDispense/smart-MedicationDispense-1070"
            }, 
            "resource": {
                "authorizingPrescription": [
                    {
                        "reference": "MedicationRequest/smart-MedicationRequest-90"
                    }
                ], 
                "daysSupply": {
                    "code": "d", 
                    "system": "http://unitsofmeasure.org", 
                    "unit": "days", 
                    "value": 90
                }, 
                "id": "smart-MedicationDispense-1070", 
                "medicationCodeableConcept": {
                    "coding": [
                        {
                            "code": "860981", 
                            "display": "Metformin 750 MG Extended Release Tablet", 
                            "system": "http://www.nlm.nih.gov/research/umls/rxnorm"
                        }
                    ], 
                    "text": "Metformin 750 MG Extended Release Tablet"
                }, 
                "quantity": {
                    "code": "{tablets}", 
                    "system": "http://unitsofmeasure.org", 
                    "unit": "tablets", 
                    "value": 90.0
                }, 
                "resourceType": "MedicationDispense", 
                "status": "completed", 
                "subject": {
                    "reference": "Patient/smart-967332"
                }, 
                "text": {
                    "div": "<div xmlns=\"http://www.w3.org/1999/xhtml\">Dispensed 90 tablets = 90 day supply of Metformin 750 MG Extended Release Tablet</div>", 
                    "status": "generated"
                }, 
                "whenHandedOver": "2009-03-30"
            }
        }, 
        {
            "request": {
                "method": "PUT", 
                "url": "MedicationRequest/smart-MedicationRequest-91"
            }, 
            "resource": {
                "dispenseRequest": {
                    "expectedSupplyDuration": {
                        "code": "d", 
                        "system": "http://unitsofmeasure.org", 
                        "unit": "days", 
                        "value": 30
                    }, 
                    "numberOfRepeatsAllowed": 1, 
                    "quantity": {
                        "code": "{tablet}", 
                        "system": "http://unitsofmeasure.org", 
                        "unit": "{tablet}", 
                        "value": 30.0
                    }
                }, 
                "dosageInstruction": [
                    {
                        "doseQuantity": {
                            "code": "{tablet}", 
                            "system": "http://unitsofmeasure.org", 
                            "unit": "{tablet}", 
                            "value": 1.0
                        }, 
                        "text": "1 daily", 
                        "timing": {
                            "repeat": {
                                "boundsPeriod": {
                                    "start": "2008-11-20"
                                }, 
                                "frequency": 1, 
                                "period": 1, 
                                "periodUnit": "d"
                            }
                        }
                    }
                ], 
                "id": "smart-MedicationRequest-91", 
                "intent": "order", 
                "medicationCodeableConcept": {
                    "coding": [
                        {
                            "code": "199247", 
                            "display": "glimepiride 4 MG Oral Tablet", 
                            "system": "http://www.nlm.nih.gov/research/umls/rxnorm"
                        }
                    ], 
                    "text": "glimepiride 4 MG Oral Tablet"
                }, 
                "resourceType": "MedicationRequest", 
                "status": "active", 
                "subject": {
                    "reference": "Patient/smart-967332"
                }, 
                "text": {
                    "div": "<div xmlns=\"http://www.w3.org/1999/xhtml\">glimepiride 4 MG Oral Tablet (rxnorm: 199247)</div>", 
                    "status": "generated"
                }
            }
        }, 
        {
            "request": {
                "method": "PUT", 
                "url": "MedicationDispense/smart-MedicationDispense-1055"
            }, 
            "resource": {
                "authorizingPrescription": [
                    {
                        "reference": "MedicationRequest/smart-MedicationRequest-91"
                    }
                ], 
                "daysSupply": {
                    "code": "d", 
                    "system": "http://unitsofmeasure.org", 
                    "unit": "days", 
                    "value": 30
                }, 
                "id": "smart-MedicationDispense-1055", 
                "medicationCodeableConcept": {
                    "coding": [
                        {
                            "code": "199247", 
                            "display": "glimepiride 4 MG Oral Tablet", 
                            "system": "http://www.nlm.nih.gov/research/umls/rxnorm"
                        }
                    ], 
                    "text": "glimepiride 4 MG Oral Tablet"
                }, 
                "quantity": {
                    "code": "{tablets}", 
                    "system": "http://unitsofmeasure.org", 
                    "unit": "tablets", 
                    "value": 30.0
                }, 
                "resourceType": "MedicationDispense", 
                "status": "completed", 
                "subject": {
                    "reference": "Patient/smart-967332"
                }, 
                "text": {
                    "div": "<div xmlns=\"http://www.w3.org/1999/xhtml\">Dispensed 30 tablets = 30 day supply of glimepiride 4 MG Oral Tablet</div>", 
                    "status": "generated"
                }, 
                "whenHandedOver": "2009-02-17"
            }
        }, 
        {
            "request": {
                "method": "PUT", 
                "url": "MedicationDispense/smart-MedicationDispense-1061"
            }, 
            "resource": {
                "authorizingPrescription": [
                    {
                        "reference": "MedicationRequest/smart-MedicationRequest-91"
                    }
                ], 
                "daysSupply": {
                    "code": "d", 
                    "system": "http://unitsofmeasure.org", 
                    "unit": "days", 
                    "value": 90
                }, 
                "id": "smart-MedicationDispense-1061", 
                "medicationCodeableConcept": {
                    "coding": [
                        {
                            "code": "199247", 
                            "display": "glimepiride 4 MG Oral Tablet", 
                            "system": "http://www.nlm.nih.gov/research/umls/rxnorm"
                        }
                    ], 
                    "text": "glimepiride 4 MG Oral Tablet"
                }, 
                "quantity": {
                    "code": "{tablets}", 
                    "system": "http://unitsofmeasure.org", 
                    "unit": "tablets", 
                    "value": 90.0
                }, 
                "resourceType": "MedicationDispense", 
                "status": "completed", 
                "subject": {
                    "reference": "Patient/smart-967332"
                }, 
                "text": {
                    "div": "<div xmlns=\"http://www.w3.org/1999/xhtml\">Dispensed 90 tablets = 90 day supply of glimepiride 4 MG Oral Tablet</div>", 
                    "status": "generated"
                }, 
                "whenHandedOver": "2009-05-08"
            }
        }, 
        {
            "request": {
                "method": "PUT", 
                "url": "MedicationDispense/smart-MedicationDispense-1049"
            }, 
            "resource": {
                "authorizingPrescription": [
                    {
                        "reference": "MedicationRequest/smart-MedicationRequest-91"
                    }
                ], 
                "daysSupply": {
                    "code": "d", 
                    "system": "http://unitsofmeasure.org", 
                    "unit": "days", 
                    "value": 30
                }, 
                "id": "smart-MedicationDispense-1049", 
                "medicationCodeableConcept": {
                    "coding": [
                        {
                            "code": "199247", 
                            "display": "glimepiride 4 MG Oral Tablet", 
                            "system": "http://www.nlm.nih.gov/research/umls/rxnorm"
                        }
                    ], 
                    "text": "glimepiride 4 MG Oral Tablet"
                }, 
                "quantity": {
                    "code": "{tablets}", 
                    "system": "http://unitsofmeasure.org", 
                    "unit": "tablets", 
                    "value": 30.0
                }, 
                "resourceType": "MedicationDispense", 
                "status": "completed", 
                "subject": {
                    "reference": "Patient/smart-967332"
                }, 
                "text": {
                    "div": "<div xmlns=\"http://www.w3.org/1999/xhtml\">Dispensed 30 tablets = 30 day supply of glimepiride 4 MG Oral Tablet</div>", 
                    "status": "generated"
                }, 
                "whenHandedOver": "2008-11-20"
            }
        }, 
        {
            "request": {
                "method": "PUT", 
                "url": "MedicationDispense/smart-MedicationDispense-1062"
            }, 
            "resource": {
                "authorizingPrescription": [
                    {
                        "reference": "MedicationRequest/smart-MedicationRequest-91"
                    }
                ], 
                "daysSupply": {
                    "code": "d", 
                    "system": "http://unitsofmeasure.org", 
                    "unit": "days", 
                    "value": 90
                }, 
                "id": "smart-MedicationDispense-1062", 
                "medicationCodeableConcept": {
                    "coding": [
                        {
                            "code": "199247", 
                            "display": "glimepiride 4 MG Oral Tablet", 
                            "system": "http://www.nlm.nih.gov/research/umls/rxnorm"
                        }
                    ], 
                    "text": "glimepiride 4 MG Oral Tablet"
                }, 
                "quantity": {
                    "code": "{tablets}", 
                    "system": "http://unitsofmeasure.org", 
                    "unit": "tablets", 
                    "value": 90.0
                }, 
                "resourceType": "MedicationDispense", 
                "status": "completed", 
                "subject": {
                    "reference": "Patient/smart-967332"
                }, 
                "text": {
                    "div": "<div xmlns=\"http://www.w3.org/1999/xhtml\">Dispensed 90 tablets = 90 day supply of glimepiride 4 MG Oral Tablet</div>", 
                    "status": "generated"
                }, 
                "whenHandedOver": "2009-08-08"
            }
        }, 
        {
            "request": {
                "method": "PUT", 
                "url": "MedicationDispense/smart-MedicationDispense-1057"
            }, 
            "resource": {
                "authorizingPrescription": [
                    {
                        "reference": "MedicationRequest/smart-MedicationRequest-91"
                    }
                ], 
                "daysSupply": {
                    "code": "d", 
                    "system": "http://unitsofmeasure.org", 
                    "unit": "days", 
                    "value": 30
                }, 
                "id": "smart-MedicationDispense-1057", 
                "medicationCodeableConcept": {
                    "coding": [
                        {
                            "code": "199247", 
                            "display": "glimepiride 4 MG Oral Tablet", 
                            "system": "http://www.nlm.nih.gov/research/umls/rxnorm"
                        }
                    ], 
                    "text": "glimepiride 4 MG Oral Tablet"
                }, 
                "quantity": {
                    "code": "{tablets}", 
                    "system": "http://unitsofmeasure.org", 
                    "unit": "tablets", 
                    "value": 30.0
                }, 
                "resourceType": "MedicationDispense", 
                "status": "completed", 
                "subject": {
                    "reference": "Patient/smart-967332"
                }, 
                "text": {
                    "div": "<div xmlns=\"http://www.w3.org/1999/xhtml\">Dispensed 30 tablets = 30 day supply of glimepiride 4 MG Oral Tablet</div>", 
                    "status": "generated"
                }, 
                "whenHandedOver": "2009-03-16"
            }
        }, 
        {
            "request": {
                "method": "PUT", 
                "url": "MedicationDispense/smart-MedicationDispense-1051"
            }, 
            "resource": {
                "authorizingPrescription": [
                    {
                        "reference": "MedicationRequest/smart-MedicationRequest-91"
                    }
                ], 
                "daysSupply": {
                    "code": "d", 
                    "system": "http://unitsofmeasure.org", 
                    "unit": "days", 
                    "value": 30
                }, 
                "id": "smart-MedicationDispense-1051", 
                "medicationCodeableConcept": {
                    "coding": [
                        {
                            "code": "199247", 
                            "display": "glimepiride 4 MG Oral Tablet", 
                            "system": "http://www.nlm.nih.gov/research/umls/rxnorm"
                        }
                    ], 
                    "text": "glimepiride 4 MG Oral Tablet"
                }, 
                "quantity": {
                    "code": "{tablets}", 
                    "system": "http://unitsofmeasure.org", 
                    "unit": "tablets", 
                    "value": 30.0
                }, 
                "resourceType": "MedicationDispense", 
                "status": "completed", 
                "subject": {
                    "reference": "Patient/smart-967332"
                }, 
                "text": {
                    "div": "<div xmlns=\"http://www.w3.org/1999/xhtml\">Dispensed 30 tablets = 30 day supply of glimepiride 4 MG Oral Tablet</div>", 
                    "status": "generated"
                }, 
                "whenHandedOver": "2008-12-21"
            }
        }, 
        {
            "request": {
                "method": "PUT", 
                "url": "MedicationDispense/smart-MedicationDispense-1053"
            }, 
            "resource": {
                "authorizingPrescription": [
                    {
                        "reference": "MedicationRequest/smart-MedicationRequest-91"
                    }
                ], 
                "daysSupply": {
                    "code": "d", 
                    "system": "http://unitsofmeasure.org", 
                    "unit": "days", 
                    "value": 30
                }, 
                "id": "smart-MedicationDispense-1053", 
                "medicationCodeableConcept": {
                    "coding": [
                        {
                            "code": "199247", 
                            "display": "glimepiride 4 MG Oral Tablet", 
                            "system": "http://www.nlm.nih.gov/research/umls/rxnorm"
                        }
                    ], 
                    "text": "glimepiride 4 MG Oral Tablet"
                }, 
                "quantity": {
                    "code": "{tablets}", 
                    "system": "http://unitsofmeasure.org", 
                    "unit": "tablets", 
                    "value": 30.0
                }, 
                "resourceType": "MedicationDispense", 
                "status": "completed", 
                "subject": {
                    "reference": "Patient/smart-967332"
                }, 
                "text": {
                    "div": "<div xmlns=\"http://www.w3.org/1999/xhtml\">Dispensed 30 tablets = 30 day supply of glimepiride 4 MG Oral Tablet</div>", 
                    "status": "generated"
                }, 
                "whenHandedOver": "2009-01-20"
            }
        }, 
        {
            "request": {
                "method": "PUT", 
                "url": "MedicationDispense/smart-MedicationDispense-1059"
            }, 
            "resource": {
                "authorizingPrescription": [
                    {
                        "reference": "MedicationRequest/smart-MedicationRequest-91"
                    }
                ], 
                "daysSupply": {
                    "code": "d", 
                    "system": "http://unitsofmeasure.org", 
                    "unit": "days", 
                    "value": 30
                }, 
                "id": "smart-MedicationDispense-1059", 
                "medicationCodeableConcept": {
                    "coding": [
                        {
                            "code": "199247", 
                            "display": "glimepiride 4 MG Oral Tablet", 
                            "system": "http://www.nlm.nih.gov/research/umls/rxnorm"
                        }
                    ], 
                    "text": "glimepiride 4 MG Oral Tablet"
                }, 
                "quantity": {
                    "code": "{tablets}", 
                    "system": "http://unitsofmeasure.org", 
                    "unit": "tablets", 
                    "value": 30.0
                }, 
                "resourceType": "MedicationDispense", 
                "status": "completed", 
                "subject": {
                    "reference": "Patient/smart-967332"
                }, 
                "text": {
                    "div": "<div xmlns=\"http://www.w3.org/1999/xhtml\">Dispensed 30 tablets = 30 day supply of glimepiride 4 MG Oral Tablet</div>", 
                    "status": "generated"
                }, 
                "whenHandedOver": "2009-04-20"
            }
        }, 
        {
            "request": {
                "method": "PUT", 
                "url": "MedicationRequest/smart-MedicationRequest-92"
            }, 
            "resource": {
                "dispenseRequest": {
                    "numberOfRepeatsAllowed": 1
                }, 
                "dosageInstruction": [
                    {
                        "asNeededBoolean": true, 
                        "text": "1 sl q5min x3 prn angina"
                    }
                ], 
                "id": "smart-MedicationRequest-92", 
                "intent": "order", 
                "medicationCodeableConcept": {
                    "coding": [
                        {
                            "code": "198039", 
                            "display": "Nitroglycerin 0.4 MG Sublingual Tablet", 
                            "system": "http://www.nlm.nih.gov/research/umls/rxnorm"
                        }
                    ], 
                    "text": "Nitroglycerin 0.4 MG Sublingual Tablet"
                }, 
                "resourceType": "MedicationRequest", 
                "status": "active", 
                "subject": {
                    "reference": "Patient/smart-967332"
                }, 
                "text": {
                    "div": "<div xmlns=\"http://www.w3.org/1999/xhtml\">Nitroglycerin 0.4 MG Sublingual Tablet (rxnorm: 198039)</div>", 
                    "status": "generated"
                }
            }
        }, 
        {
            "request": {
                "method": "PUT", 
                "url": "MedicationDispense/smart-MedicationDispense-956"
            }, 
            "resource": {
                "authorizingPrescription": [
                    {
                        "reference": "MedicationRequest/smart-MedicationRequest-92"
                    }
                ], 
                "daysSupply": {
                    "code": "d", 
                    "system": "http://unitsofmeasure.org", 
                    "unit": "days", 
                    "value": 7
                }, 
                "id": "smart-MedicationDispense-956", 
                "medicationCodeableConcept": {
                    "coding": [
                        {
                            "code": "198039", 
                            "display": "Nitroglycerin 0.4 MG Sublingual Tablet", 
                            "system": "http://www.nlm.nih.gov/research/umls/rxnorm"
                        }
                    ], 
                    "text": "Nitroglycerin 0.4 MG Sublingual Tablet"
                }, 
                "quantity": {
                    "code": "{tablets}", 
                    "system": "http://unitsofmeasure.org", 
                    "unit": "tablets", 
                    "value": 25.0
                }, 
                "resourceType": "MedicationDispense", 
                "status": "completed", 
                "subject": {
                    "reference": "Patient/smart-967332"
                }, 
                "text": {
                    "div": "<div xmlns=\"http://www.w3.org/1999/xhtml\">Dispensed 25 tablets = 7 day supply of Nitroglycerin 0.4 MG Sublingual Tablet</div>", 
                    "status": "generated"
                }, 
                "whenHandedOver": "2009-04-25"
            }
        }, 
        {
            "request": {
                "method": "PUT", 
                "url": "Condition/smart-Condition-424"
            }, 
            "resource": {
                "clinicalStatus": "active", 
                "code": {
                    "coding": [
                        {
                            "code": "195967001", 
                            "display": "Asthma", 
                            "system": "http://snomed.info/sct"
                        }
                    ], 
                    "text": "Asthma"
                }, 
                "id": "smart-Condition-424", 
                "onsetDateTime": "2007-11-14", 
                "resourceType": "Condition", 
                "subject": {
                    "reference": "Patient/smart-967332"
                }, 
                "text": {
                    "div": "<div xmlns=\"http://www.w3.org/1999/xhtml\">Asthma</div>", 
                    "status": "generated"
                }, 
                "verificationStatus": "confirmed"
            }
        }, 
        {
            "request": {
                "method": "PUT", 
                "url": "Condition/smart-Condition-425"
            }, 
            "resource": {
                "clinicalStatus": "active", 
                "code": {
                    "coding": [
                        {
                            "code": "44054006", 
                            "display": "Diabetes mellitus type 2", 
                            "system": "http://snomed.info/sct"
                        }
                    ], 
                    "text": "Diabetes mellitus type 2"
                }, 
                "id": "smart-Condition-425", 
                "onsetDateTime": "2007-11-14", 
                "resourceType": "Condition", 
                "subject": {
                    "reference": "Patient/smart-967332"
                }, 
                "text": {
                    "div": "<div xmlns=\"http://www.w3.org/1999/xhtml\">Diabetes mellitus type 2</div>", 
                    "status": "generated"
                }, 
                "verificationStatus": "confirmed"
            }
        }, 
        {
            "request": {
                "method": "PUT", 
                "url": "Condition/smart-Condition-426"
            }, 
            "resource": {
                "clinicalStatus": "active", 
                "code": {
                    "coding": [
                        {
                            "code": "55822004", 
                            "display": "Hyperlipidemia", 
                            "system": "http://snomed.info/sct"
                        }
                    ], 
                    "text": "Hyperlipidemia"
                }, 
                "id": "smart-Condition-426", 
                "onsetDateTime": "2007-11-14", 
                "resourceType": "Condition", 
                "subject": {
                    "reference": "Patient/smart-967332"
                }, 
                "text": {
                    "div": "<div xmlns=\"http://www.w3.org/1999/xhtml\">Hyperlipidemia</div>", 
                    "status": "generated"
                }, 
                "verificationStatus": "confirmed"
            }
        }, 
        {
            "request": {
                "method": "PUT", 
                "url": "Condition/smart-Condition-427"
            }, 
            "resource": {
                "clinicalStatus": "active", 
                "code": {
                    "coding": [
                        {
                            "code": "78275009", 
                            "display": "Unspecified sleep apnea", 
                            "system": "http://snomed.info/sct"
                        }
                    ], 
                    "text": "Unspecified sleep apnea"
                }, 
                "id": "smart-Condition-427", 
                "onsetDateTime": "2007-11-23", 
                "resourceType": "Condition", 
                "subject": {
                    "reference": "Patient/smart-967332"
                }, 
                "text": {
                    "div": "<div xmlns=\"http://www.w3.org/1999/xhtml\">Unspecified sleep apnea</div>", 
                    "status": "generated"
                }, 
                "verificationStatus": "confirmed"
            }
        }, 
        {
            "request": {
                "method": "PUT", 
                "url": "Condition/smart-Condition-428"
            }, 
            "resource": {
                "clinicalStatus": "active", 
                "code": {
                    "coding": [
                        {
                            "code": "1201005", 
                            "display": "Benign essential hypertension", 
                            "system": "http://snomed.info/sct"
                        }
                    ], 
                    "text": "Benign essential hypertension"
                }, 
                "id": "smart-Condition-428", 
                "onsetDateTime": "2008-01-04", 
                "resourceType": "Condition", 
                "subject": {
                    "reference": "Patient/smart-967332"
                }, 
                "text": {
                    "div": "<div xmlns=\"http://www.w3.org/1999/xhtml\">Benign essential hypertension</div>", 
                    "status": "generated"
                }, 
                "verificationStatus": "confirmed"
            }
        }, 
        {
            "request": {
                "method": "PUT", 
                "url": "Condition/smart-Condition-429"
            }, 
            "resource": {
                "clinicalStatus": "active", 
                "code": {
                    "coding": [
                        {
                            "code": "29857009", 
                            "display": "Chest pain", 
                            "system": "http://snomed.info/sct"
                        }
                    ], 
                    "text": "Chest pain"
                }, 
                "id": "smart-Condition-429", 
                "onsetDateTime": "2008-01-04", 
                "resourceType": "Condition", 
                "subject": {
                    "reference": "Patient/smart-967332"
                }, 
                "text": {
                    "div": "<div xmlns=\"http://www.w3.org/1999/xhtml\">Chest pain</div>", 
                    "status": "generated"
                }, 
                "verificationStatus": "confirmed"
            }
        }, 
        {
            "request": {
                "method": "PUT", 
                "url": "Condition/smart-Condition-430"
            }, 
            "resource": {
                "clinicalStatus": "active", 
                "code": {
                    "coding": [
                        {
                            "code": "233817007", 
                            "display": "Coronary arteriosclerosis", 
                            "system": "http://snomed.info/sct"
                        }
                    ], 
                    "text": "Coronary arteriosclerosis"
                }, 
                "id": "smart-Condition-430", 
                "onsetDateTime": "2008-01-04", 
                "resourceType": "Condition", 
                "subject": {
                    "reference": "Patient/smart-967332"
                }, 
                "text": {
                    "div": "<div xmlns=\"http://www.w3.org/1999/xhtml\">Coronary arteriosclerosis</div>", 
                    "status": "generated"
                }, 
                "verificationStatus": "confirmed"
            }
        }, 
        {
            "request": {
                "method": "PUT", 
                "url": "Condition/smart-Condition-431"
            }, 
            "resource": {
                "clinicalStatus": "active", 
                "code": {
                    "coding": [
                        {
                            "code": "38341003", 
                            "display": "Essential hypertension", 
                            "system": "http://snomed.info/sct"
                        }
                    ], 
                    "text": "Essential hypertension"
                }, 
                "id": "smart-Condition-431", 
                "onsetDateTime": "2008-01-04", 
                "resourceType": "Condition", 
                "subject": {
                    "reference": "Patient/smart-967332"
                }, 
                "text": {
                    "div": "<div xmlns=\"http://www.w3.org/1999/xhtml\">Essential hypertension</div>", 
                    "status": "generated"
                }, 
                "verificationStatus": "confirmed"
            }
        }, 
        {
            "request": {
                "method": "PUT", 
                "url": "Condition/smart-Condition-432"
            }, 
            "resource": {
                "clinicalStatus": "active", 
                "code": {
                    "coding": [
                        {
                            "code": "43339004", 
                            "display": "Hypokalemia", 
                            "system": "http://snomed.info/sct"
                        }
                    ], 
                    "text": "Hypokalemia"
                }, 
                "id": "smart-Condition-432", 
                "onsetDateTime": "2008-01-04", 
                "resourceType": "Condition", 
                "subject": {
                    "reference": "Patient/smart-967332"
                }, 
                "text": {
                    "div": "<div xmlns=\"http://www.w3.org/1999/xhtml\">Hypokalemia</div>", 
                    "status": "generated"
                }, 
                "verificationStatus": "confirmed"
            }
        }, 
        {
            "request": {
                "method": "PUT", 
                "url": "Condition/smart-Condition-433"
            }, 
            "resource": {
                "clinicalStatus": "active", 
                "code": {
                    "coding": [
                        {
                            "code": "4557003", 
                            "display": "Preinfarction syndrome", 
                            "system": "http://snomed.info/sct"
                        }
                    ], 
                    "text": "Preinfarction syndrome"
                }, 
                "id": "smart-Condition-433", 
                "onsetDateTime": "2008-01-04", 
                "resourceType": "Condition", 
                "subject": {
                    "reference": "Patient/smart-967332"
                }, 
                "text": {
                    "div": "<div xmlns=\"http://www.w3.org/1999/xhtml\">Preinfarction syndrome</div>", 
                    "status": "generated"
                }, 
                "verificationStatus": "confirmed"
            }
        }, 
        {
            "request": {
                "method": "PUT", 
                "url": "Condition/smart-Condition-434"
            }, 
            "resource": {
                "clinicalStatus": "active", 
                "code": {
                    "coding": [
                        {
                            "code": "53741008", 
                            "display": "Coronary arteriosclerosis", 
                            "system": "http://snomed.info/sct"
                        }
                    ], 
                    "text": "Coronary arteriosclerosis"
                }, 
                "id": "smart-Condition-434", 
                "onsetDateTime": "2008-01-18", 
                "resourceType": "Condition", 
                "subject": {
                    "reference": "Patient/smart-967332"
                }, 
                "text": {
                    "div": "<div xmlns=\"http://www.w3.org/1999/xhtml\">Coronary arteriosclerosis</div>", 
                    "status": "generated"
                }, 
                "verificationStatus": "confirmed"
            }
        }, 
        {
            "request": {
                "method": "PUT", 
                "url": "Condition/smart-Condition-435"
            }, 
            "resource": {
                "clinicalStatus": "active", 
                "code": {
                    "coding": [
                        {
                            "code": "267432004", 
                            "display": "Pure hypercholesterolemia", 
                            "system": "http://snomed.info/sct"
                        }
                    ], 
                    "text": "Pure hypercholesterolemia"
                }, 
                "id": "smart-Condition-435", 
                "onsetDateTime": "2008-03-28", 
                "resourceType": "Condition", 
                "subject": {
                    "reference": "Patient/smart-967332"
                }, 
                "text": {
                    "div": "<div xmlns=\"http://www.w3.org/1999/xhtml\">Pure hypercholesterolemia</div>", 
                    "status": "generated"
                }, 
                "verificationStatus": "confirmed"
            }
        }, 
        {
            "request": {
                "method": "PUT", 
                "url": "Condition/smart-Condition-436"
            }, 
            "resource": {
                "clinicalStatus": "active", 
                "code": {
                    "coding": [
                        {
                            "code": "10509002", 
                            "display": "Acute bronchitis", 
                            "system": "http://snomed.info/sct"
                        }
                    ], 
                    "text": "Acute bronchitis"
                }, 
                "id": "smart-Condition-436", 
                "onsetDateTime": "2008-07-29", 
                "resourceType": "Condition", 
                "subject": {
                    "reference": "Patient/smart-967332"
                }, 
                "text": {
                    "div": "<div xmlns=\"http://www.w3.org/1999/xhtml\">Acute bronchitis</div>", 
                    "status": "generated"
                }, 
                "verificationStatus": "confirmed"
            }
        }, 
        {
            "request": {
                "method": "PUT", 
                "url": "Condition/smart-Condition-437"
            }, 
            "resource": {
                "clinicalStatus": "active", 
                "code": {
                    "coding": [
                        {
                            "code": "185903001", 
                            "display": "Needs influenza immunization", 
                            "system": "http://snomed.info/sct"
                        }
                    ], 
                    "text": "Needs influenza immunization"
                }, 
                "id": "smart-Condition-437", 
                "onsetDateTime": "2008-07-29", 
                "resourceType": "Condition", 
                "subject": {
                    "reference": "Patient/smart-967332"
                }, 
                "text": {
                    "div": "<div xmlns=\"http://www.w3.org/1999/xhtml\">Needs influenza immunization</div>", 
                    "status": "generated"
                }, 
                "verificationStatus": "confirmed"
            }
        }, 
        {
            "request": {
                "method": "PUT", 
                "url": "Observation/smart-smokingstatus-16"
            }, 
            "resource": {
                "category": [
                    {
                        "coding": [
                            {
                                "code": "social-history", 
                                "display": "Social History", 
                                "system": "http://hl7.org/fhir/observation-category"
                            }
                        ], 
                        "text": "Social History"
                    }
                ], 
                "code": {
                    "coding": [
                        {
                            "code": "72166-2", 
                            "display": "Tobacco smoking status", 
                            "system": "http://loinc.org"
                        }
                    ], 
                    "text": "Tobacco smoking status"
                }, 
                "effectiveDateTime": "2016-08-11", 
                "id": "smart-smokingstatus-16", 
                "identifier": [
                    {
                        "system": "http://www.bmc.nl/zorgportal/identifiers/observations", 
                        "use": "official", 
                        "value": "smart-16"
                    }
                ], 
                "performer": [
                    {
                        "reference": "Practitioner/smart-Practitioner-72004454"
                    }
                ], 
                "resourceType": "Observation", 
                "status": "final", 
                "subject": {
                    "reference": "Patient/smart-967332"
                }, 
                "text": {
                    "div": "<div xmlns=\"http://www.w3.org/1999/xhtml\">Tobacco smoking status: Unknown if ever smoked</div>", 
                    "status": "generated"
                }, 
                "valueCodeableConcept": {
                    "coding": [
                        {
                            "code": "266927001", 
                            "display": "Unknown if ever smoked", 
                            "system": "http://snomed.info/sct"
                        }
                    ], 
                    "text": "Unknown if ever smoked"
                }
            }
        }, 
        {
            "request": {
                "method": "PUT", 
                "url": "AllergyIntolerance/smart-AllergyIntolerance-17"
            }, 
            "resource": {
                "assertedDate": "2000", 
                "clinicalStatus": "active", 
                "code": {
                    "coding": [
                        {
                            "code": "716186003", 
                            "display": "No known allergies", 
                            "system": "http://snomed.info/sct"
                        }
                    ], 
                    "text": "No known allergies"
                }, 
                "id": "smart-AllergyIntolerance-17", 
                "patient": {
                    "reference": "Patient/smart-967332"
                }, 
                "resourceType": "AllergyIntolerance", 
                "text": {
                    "div": "<div xmlns=\"http://www.w3.org/1999/xhtml\">No known allergies</div>", 
                    "status": "generated"
                }, 
                "verificationStatus": "confirmed"
            }
        }
    ], 
    "resourceType": "Bundle", 
    "type": "transaction"
}
